Listing Name,Price,Room Type,Reviews,Location
HUGE room/ Williamsburg Waterfront!,109,Private room,50 reviews,"Williamsburg, Brooklyn"
Studio Apt in Park Slope- Brooklyn!,121,Entire home/apt,13 reviews,"Greenwood Heights, Brooklyn"
Sunny 1BR with Terrace/City Views,204,Entire home/apt,3 reviews,"Williamsburg, Brooklyn"
Private brownstone studio Brooklyn,169,Entire home/apt,32 reviews,Brooklyn
Sunny Room/private bath/ Brownstone,115,Private room,29 reviews,"Park Slope, Brooklyn"
Church loft in Williamsburg,327,Entire home/apt,16 reviews,Brooklyn
"Beautiful, cozy apt in lovely nabe!",103,Entire home/apt,52 reviews,"Lefferts Garden, Brooklyn"
"Gorgeous, Sunny Brooklyn Brownstone",212,Entire home/apt,1 review,Brooklyn
Beautiful Private Room with Bath,85,Private room,41 reviews,"Bedford-Stuyvesant, Brooklyn"
Cozy charm near Prospect Park,115,Entire home/apt,0 reviews,Brooklyn
Luxury Apt. in Prime Williamsburg,242,Entire home/apt,3 reviews,Brooklyn
Guestroom w/ 2 beds 20 mins to NYC,67,Private room,86 reviews,"Bushwick, Brooklyn"
Cozy room for rent in the Slope,60,Private room,3 reviews,"Gowanus, Brooklyn"
Private bedroom w/breakfast.,73,Private room,6 reviews,Brooklyn
Entire studio apartment!,139,Entire home/apt,24 reviews,Brooklyn
NEW! Airy 2 Bedroom Brownstone,133,Entire home/apt,9 reviews,Brooklyn
Big BR in W'Burg - pvt terrace/view,120,Private room,23 reviews,"Williamsburg, Brooklyn"
"Colorful, quiet, & near the subway!",109,Private room,48 reviews,"Boerum Hill, Brooklyn"
FAB BKLYN ROOM&BATH&OWN ENTRANCE,115,Private room,47 reviews,"Fort Greene, Brooklyn"
Sun filled 2BR in BedStuy Townhouse,151,Entire home/apt,28 reviews,"Bedford-Stuyvesant, Brooklyn"
Stunning! Williamsburg Dream Room.,133,Private room,46 reviews,"Williamsburg, Brooklyn"
Sunny+Cozy Double bedroom in BKLYN!,75,Private room,72 reviews,"East Flatbush, Brooklyn"
Sunny Bushwick Apartment / Morgan L,120,Entire home/apt,5 reviews,Brooklyn
"Sunny Private Room,Williamsburg Pad",85,Private room,20 reviews,"Williamsburg, Brooklyn"
Private Bedroom!,67,Private room,8 reviews,Brooklyn
Sunny Victorian Brownstone Apt.,181,Entire home/apt,16 reviews,"Park Slope, Brooklyn"
Bargain Room #1 - Special Low Price,83,Private room,2 reviews,Brooklyn
Roof-Top Room in Williamsburg,155,Entire home/apt,201 reviews,"Williamsburg, Brooklyn"
Homey Townhouse + PRIVATE Bathroom,145,Private room,96 reviews,"Boerum Hill, Brooklyn"
Private room in beautiful loft,82,Private room,38 reviews,"Clinton Hill, Brooklyn"
Bright  1BR Near 7th Ave F Train!,181,Entire home/apt,18 reviews,"Park Slope, Brooklyn"
"Cozy room, great view of Manhattan",108,Private room,32 reviews,"Brooklyn Navy Yard, Brooklyn"
Personal Lofted Treehouse,40,Private room,1 review,Brooklyn
"Quaint Studio, Fort Green, Brooklyn",181,Entire home/apt,0 reviews,Brooklyn
"Convenient, Renovated 2 Bedroom",212,Entire home/apt,37 reviews,"Carroll Gardens, Brooklyn"
Huge Loft in Prime Williamsburg!,133,Private room,8 reviews,Brooklyn
1 Bedroom Sunny Charming Apartment,145,Entire home/apt,1 review,"Bedford-Stuyvesant, Brooklyn"
Modern Waterfront 2Bed Williamsburg,302,Entire home/apt,6 reviews,"Williamsburg, Brooklyn"
The Bushwick 3BR 2BA 20 mins to NYC,218,Entire home/apt,13 reviews,"Bushwick, Brooklyn"
Prime Location in Bed-Stuy,133,Entire home/apt,4 reviews,"Bedford-Stuyvesant, Brooklyn"
Parlor floor in Brooklyn brownstone,115,Entire home/apt,46 reviews,"Crown Heights, Brooklyn"
BUDGET ROOM 15 MINUTES TO MANHATTAN,60,Private room,3 reviews,Brooklyn
Bedroom//Hip Neighborhood//Backyard,48,Private room,63 reviews,"Bushwick, Brooklyn"
Brooklyn Zen,181,Entire home/apt,14 reviews,"Brooklyn Heights, Brooklyn"
Prospect Park. Bikes. Garden.Trendy,79,Private room,5 reviews,Brooklyn
NYC gorgeous private room and bath,86,Private room,64 reviews,"Clinton Hill, Brooklyn"
"Fresh, Clean Brooklyn Garden Apt.",181,Entire home/apt,64 reviews,"Clinton Hill, Brooklyn"
1 bdrm apt GORGEOUS NY SKYLINE VIEW,181,Entire home/apt,5 reviews,"Williamsburg, Brooklyn"
Charming Cobble Hill apartment!,121,Private room,24 reviews,"Carroll Gardens, Brooklyn"
Quiet Studio in Limestone Townhouse,224,Entire home/apt,11 reviews,"Park Slope, Brooklyn"
Convenient Spacious LUX with VIEW!,115,Private room,41 reviews,"Williamsburg, Brooklyn"
Great Loft - Private Room & Bath,133,Private room,59 reviews,"Windsor Terrace, Brooklyn"
The Brooklyn Woodworker 3bdrm/2bth,362,Entire home/apt,102 reviews,"Crown Heights, Brooklyn"
1 Bedroom with Manhattan Views,169,Entire home/apt,13 reviews,"Downtown Brooklyn, Brooklyn"
Cozy Private Room in Hip Bushwick,79,Private room,10 reviews,Brooklyn
Private Rm in Beautiful Brownstone,67,Private room,5 reviews,"Bedford-Stuyvesant, Brooklyn"
Great room in hip Williamsburg,91,Private room,66 reviews,"Williamsburg, Brooklyn"
SUNNY WILLIAMSBURG ARTIST LOFT,229,Entire home/apt,58 reviews,"Williamsburg, Brooklyn"
Bright Peaceful 1 bedroom 2 bath,212,Entire home/apt,0 reviews,"Park Slope, Brooklyn"
Entire Apt in Central Williamsburg,206,Entire home/apt,14 reviews,"Williamsburg, Brooklyn"
BRIGHT SPACIOUS 1BR in CLINTON HILL,218,Entire home/apt,8 reviews,"Clinton Hill, Brooklyn"
Lovely Bklyn Heights brownstone 1BR,163,Entire home/apt,16 reviews,"Brooklyn Heights, Brooklyn"
Bargain Room #2 - Special Low Price,83,Private room,1 review,Brooklyn
Private Bedroom,73,Private room,6 reviews,Brooklyn
"Exquisite MasterSuite, Private Bath",133,Entire home/apt,37 reviews,"Gowanus, Brooklyn"
Sunny Spacious Room in Williamsburg,73,Private room,11 reviews,Brooklyn
The Library Loft- The Green Room,59,Private room,1 review,Brooklyn
Large Brand New Park Slope 1BR,157,Entire home/apt,36 reviews,"Gowanus, Brooklyn"
Spacious Heart of Ft. Greene Studio,121,Entire home/apt,27 reviews,"Fort Greene, Brooklyn"
Luxury Flat with Balcony & Office,302,Entire home/apt,11 reviews,Brooklyn
Master Bedroom (Private Entrance),83,Private room,2 reviews,Brooklyn
Gorgeous two bedroom with balcony!,181,Entire home/apt,20 reviews,"Crown Heights, Brooklyn"
Sunny Spacious Williamsburg Apt!,163,Entire home/apt,9 reviews,"Williamsburg, Brooklyn"
Private Room in Beautiful Brooklyn,79,Private room,11 reviews,Brooklyn
Sunny private room featured in film,114,Private room,77 reviews,"Flatbush, Brooklyn"
"Small Cozy Room, Ideal Location",85,Private room,3 reviews,"Fort Greene, Brooklyn"
Gorgeous Williamsburg 1 Bedroom Apt,253,Entire home/apt,150 reviews,"Williamsburg, Brooklyn"
Mayor's Mansion - Carlton_Suite,163,Private room,6 reviews,Brooklyn
Williamsburg Luxury,284,Entire home/apt,57 reviews,"Williamsburg, Brooklyn"
360° Views - Modern Greenpoint Gem!,224,Entire home/apt,4 reviews,Brooklyn
Sunny WILLIAMSBURG. Home Sweet Home,242,Entire home/apt,77 reviews,"Williamsburg, Brooklyn"
"Unique Bushwick Loft, Great View!",91,Private room,12 reviews,"Williamsburg, Brooklyn"
"Beautiful Studio, Brooklyn Heights",151,Entire home/apt,0 reviews,"Brooklyn Heights, Brooklyn NYC"
"Sunny Room, Backyard, Rooftop by L",91,Private room,3 reviews,Brooklyn
Prospect Heights Pied-a-terre,144,Entire home/apt,3 reviews,"Crown Heights, Brooklyn"
Historic & Modern in Crown Heights,97,Private room,43 reviews,"Crown Heights, Brooklyn"
Williamsburg Spacious Studio,181,Entire home/apt,6 reviews,"Williamsburg, Brooklyn"
"Bright, BedStuy Gem!",91,Entire home/apt,9 reviews,"Bedford-Stuyvesant, Brooklyn"
NICE ROOM #1 ~ AWESOME LOCATION!!,168,Private room,17 reviews,Brooklyn
Lovely Private Room in Brownstone,103,Private room,24 reviews,"Crown Heights, Brooklyn"
GIANT LOFT - HEART of WILLIAMSBURG!,109,Private room,16 reviews,"Williamsburg, Brooklyn"
Brooklyn Living: WiFi & Jacuzzi!,169,Entire home/apt,18 reviews,"Bedford-Stuyvesant, Brooklyn"
Sweet Lil Williamsburg One Bedroom,162,Entire home/apt,43 reviews,"Williamsburg, Brooklyn"
Quintessential Brooklyn...!!,131,Entire home/apt,11 reviews,"Boerum Hill, Brooklyn"
Newest Building in Williamsburg #2,123,Private room,8 reviews,"Williamsburg, Brooklyn"
X-Large Fort Greene Garden Bedroom,120,Private room,8 reviews,Brooklyn
Dream Loft 10 Min to Manhattan,115,Private room,14 reviews,"Williamsburg, Brooklyn"
Bright and Beautiful Brooklyn Apt.,168,Entire home/apt,33 reviews,"Park Slope, Brooklyn"
Boerum Hill Apartment,139,Entire home/apt,8 reviews,"Flatbush, Brooklyn"
Sunny 1 bedroom apt in Boerum Hill,181,Entire home/apt,8 reviews,Brooklyn
Quiet 2 Bed Facing a Garden,157,Entire home/apt,4 reviews,Brooklyn
carriage house apartment,181,Entire home/apt,67 reviews,"Clinton Hill, Brooklyn"
Sunny 1-BR Apartment in Boerum Hill,217,Entire home/apt,66 reviews,"Boerum Hill, Brooklyn"
Great Price for Perfect Location!,69,Private room,38 reviews,"Williamsburg, Brooklyn"
Huge BR in W'Burg - pvt terrace,132,Private room,4 reviews,"Williamsburg, Brooklyn"
Private Bedroom in Luxury Apartment,108,Private room,30 reviews,"Williamsburg, Brooklyn"
Cozy KING Size Bed in Brooklyn,67,Private room,30 reviews,"Downtown Brooklyn, Brooklyn"
Park Slope Green Guest House,163,Entire home/apt,215 reviews,"Park Slope, Brooklyn"
1901 charming townhouse,266,Entire home/apt,5 reviews,"Kensington, Brooklyn"
"Sunny, Modern 1BR in Greenpoint",181,Entire home/apt,1 review,Brooklyn
Private Suite in Historic House,163,Private room,27 reviews,"Fort Greene, Brooklyn"
Beautiful new loft in greenpoint,157,Entire home/apt,13 reviews,"Greenpoint, Brooklyn"
Big Room 10 Min from Manhattan,132,Private room,3 reviews,Brooklyn
Private Room in 4Bed- Williamsburg,59,Private room,1 review,Brooklyn
Sunny Williamsburg Penthouse - 2BR,278,Entire home/apt,3 reviews,"Williamsburg, Brooklyn"
Prime Williamsburg 1 bd apartment,242,Entire home/apt,3 reviews,"Greenpoint, Brooklyn"
Great Studio in Fort Greene,181,Entire home/apt,11 reviews,"Fort Greene, Brooklyn"
"Park Slope, Brooklyn NY 8th Street",151,Entire home/apt,6 reviews,Brooklyn
The artist's house part 3,73,Private room,10 reviews,"Lefferts Garden, Brooklyn"
Large Master Bedroom - Williamsburg,91,Private room,59 reviews,"Williamsburg, Brooklyn"
Bushwick Rm w/Private Outdoor Space,82,Private room,3 reviews,Brooklyn
Boerum Hill Brownstone Garden Duplx,393,Entire home/apt,38 reviews,"Boerum Hill, Brooklyn"
Sun-filled room in Boerum Hill,73,Private room,5 reviews,Brooklyn
"Beautiful, Bright Studio-Park Slope",157,Entire home/apt,9 reviews,"Park Slope, Brooklyn"
Sunny Retreat with Roof Garden,103,Entire home/apt,94 reviews,"Bedford-Stuyvesant, Brooklyn"
Charming 1br Apt In Williamsburg!!,242,Entire home/apt,22 reviews,"Williamsburg, Brooklyn"
Large room w/ private office & bath,181,Private room,5 reviews,Brooklyn
"Budget Luxury, w/ Manhattan Views!",108,Private room,42 reviews,"Williamsburg, Brooklyn"
Modern Loft Apartment Williamsburg,212,Entire home/apt,13 reviews,"Williamsburg, Brooklyn"
"WINTER SALE. NYC, BUSHWICK LOFT!!",133,Entire home/apt,14 reviews,Brooklyn
Personal Studio in Crown Heights,96,Private room,10 reviews,"Crown Heights, Brooklyn"
Modern and well appointed-Very NYC!,54,Private room,44 reviews,"Bedford-Stuyvesant, Brooklyn"
Spacious Suite in Brownstone,108,Private room,2 reviews,Brooklyn
"Small Cozy Room, Ideal Location",85,Private room,3 reviews,"Fort Greene, Brooklyn"
Bright Peaceful 1 bedroom 2 bath,212,Entire home/apt,0 reviews,"Park Slope, Brooklyn"
East Williamsburg w/ Patio!,109,Private room,4 reviews,Brooklyn
CHEAP room in DESIGNER LOFT! NYC!,96,Private room,65 reviews,"Williamsburg, Brooklyn"
Sunny room in modern apartment,97,Private room,7 reviews,Brooklyn
Beautiful new loft in greenpoint,157,Entire home/apt,13 reviews,"Greenpoint, Brooklyn"
Beautiful Prime Williamsburg Apt,180,Entire home/apt,48 reviews,"Williamsburg, Brooklyn"
"Peace room, private bath, breakfast",97,Private room,17 reviews,Brooklyn
Authentic Artist Loft in Brooklyn,362,Entire home/apt,1 review,Brooklyn
Urban Brooklyn duplex near subway!,200,Entire home/apt,3 reviews,Brooklyn
"Comfy, convenient bedroom in Bklyn!",97,Private room,7 reviews,Brooklyn
Gorgeous Brownstone Suite,132,Private room,23 reviews,"Prospect Heights, Brooklyn"
Brooklyn Carriage House Loft,302,Entire home/apt,4 reviews,Brooklyn
Historic Park Slope Gem - 1br,212,Entire home/apt,18 reviews,"Park Slope, Brooklyn"
"1Bedroom, Seconds from L train",98,Private room,17 reviews,"Bushwick, Brooklyn"
Modern One bedroom in Williamsburg,315,Entire home/apt,7 reviews,"Greenpoint, Brooklyn"
Historic Brownstone Parlor & Garden,103,Private room,5 reviews,"Bedford-Stuyvesant, Brooklyn"
Modern Loft Apartment Williamsburg,212,Entire home/apt,13 reviews,"Williamsburg, Brooklyn"
Nov. 26- Dec 1 in Greenpoint,151,Entire home/apt,3 reviews,"Greenpoint, Brooklyn"
Sunny Elegant and Big Room!,97,Private room,4 reviews,"Bedford-Stuyvesant, Brooklyn"
Stunning Room in Brooklyn New York,133,Private room,58 reviews,"Williamsburg, Brooklyn"
Modern and well appointed-Very NYC!,54,Private room,44 reviews,"Bedford-Stuyvesant, Brooklyn"
Stunning and Modern next to Park,120,Entire home/apt,19 reviews,"Prospect Heights, Brooklyn"
Bushwick Room with great back yard,73,Private room,2 reviews,"Bushwick, Brooklyn"
"Cozy, Cute and Convenient Nook!",79,Private room,45 reviews,"Boerum Hill, Brooklyn"
Spacious Luxury Studio in Brooklyn,144,Entire home/apt,22 reviews,"Downtown Brooklyn, Brooklyn"
Rare Historic Gem in Williamsburg,108,Private room,63 reviews,"Williamsburg, Brooklyn"
Bright spacious 1BR in Williamsburg,156,Entire home/apt,20 reviews,"Williamsburg, Brooklyn"
Williamsburg off Bedford L - 1,132,Private room,2 reviews,"Williamsburg, Brooklyn"
Park Slope/Prospect Hghts 2 bedroom,180,Entire home/apt,58 reviews,"Prospect Heights, Brooklyn"
Beautiful central bright loft apt.,242,Entire home/apt,33 reviews,"Williamsburg, Brooklyn"
Entire 3BR Lux Apt 20min>Manhattan,120,Entire home/apt,3 reviews,Brooklyn
Spacious Luxury Studio in Brooklyn,144,Entire home/apt,22 reviews,"Downtown Brooklyn, Brooklyn"
"Landmark Cottage, Brownstone block",212,Entire home/apt,14 reviews,Brooklyn
"Gorgeous, Sunny Private Bed, 2 Bath",67,Private room,4 reviews,Brooklyn
"New, modern, & sun-drenched 1.5 BD",145,Entire home/apt,9 reviews,"Brooklyn Navy Yard, Brooklyn"
Stunning and Modern next to Park,120,Entire home/apt,19 reviews,"Prospect Heights, Brooklyn"
Pretty and Private in Clinton Hill,109,Private room,0 reviews,Brooklyn
Bright spacious 1BR in Williamsburg,156,Entire home/apt,20 reviews,"Williamsburg, Brooklyn"
Skylight BR in Gorgeous Rooftop Apt,71,Private room,70 reviews,"Bedford-Stuyvesant, Brooklyn"
Best Location Williamsburg Brooklyn,181,Entire home/apt,20 reviews,"Williamsburg, Brooklyn"
BEDROOM & BATHROOM in BROOKLYN,121,Private room,20 reviews,"Bedford-Stuyvesant, Brooklyn"
HUGE room/Williamsburg Waterfront!,115,Private room,3 reviews,Brooklyn
Great Loft - Private Room & Bath,133,Private room,59 reviews,"Windsor Terrace, Brooklyn"
Great Studio in Fort Greene,181,Entire home/apt,11 reviews,"Fort Greene, Brooklyn"
CHEAP BIG room in Williamsburg,48,Private room,23 reviews,Williamsburg Brooklyn
Williamsburg Garden Apartment,236,Entire home/apt,7 reviews,"Williamsburg, Brooklyn"
Williamsburg 2b apartment with deck,224,Entire home/apt,90 reviews,"Williamsburg, Brooklyn"
Awesome Room in Prime Brooklyn Spot,91,Private room,2 reviews,Brooklyn
"Spacious, Spotless 1Bd- BK Heights!",181,Entire home/apt,89 reviews,"Brooklyn Heights, Brooklyn"
Luminous 2BR in Park Slope NYC,204,Entire home/apt,7 reviews,Brooklyn
"Big Sunny Guest Room, W'burg Bridge",90,Private room,104 reviews,"Williamsburg, Brooklyn"
*OFFER* Cozy 1BR 20ft from L train,103,Private room,52 reviews,"Williamsburg, Brooklyn"
Lovely Bklyn Heights brownstone 1BR,163,Entire home/apt,16 reviews,"Brooklyn Heights, Brooklyn"
Garden Apt / Fort Greene Brownstone,284,Entire home/apt,66 reviews,"Fort Greene, Brooklyn"
Sunny Room in Classic Artist's Loft,103,Private room,39 reviews,"Greenpoint, Brooklyn"
Williamsburg Penthouse Guestroom,73,Private room,6 reviews,Brooklyn
Cozy Park Slope One Bedroom,180,Entire home/apt,8 reviews,Brooklyn
"Cozy room, overlooking garden",79,Private room,12 reviews,Brooklyn
"LEGAL PARK SLOPE 4 BR, ROOF TERRACE",605,Entire home/apt,44 reviews,"Boerum Hill, Brooklyn"
Gorgeous Artist Loft in Brooklyn,181,Private room,0 reviews,Brooklyn
"Beautiful, Bright Studio-Park Slope",157,Entire home/apt,9 reviews,"Park Slope, Brooklyn"
Big Sunny Bdrm fits 4 in E W-burg,73,Private room,16 reviews,Brooklyn
Bright & Happy Room on L Train,54,Private room,3 reviews,"Bushwick, Brooklyn"
"Cozy, Cute and Convenient Nook!",79,Private room,45 reviews,"Boerum Hill, Brooklyn"
Family Owned & Operated Brownstone,73,Private room,38 reviews,"Bedford-Stuyvesant, Brooklyn"
*OFFER* Cozy 1BR 20ft from L train,103,Private room,52 reviews,"Williamsburg, Brooklyn"
CHEAP room in DESIGNER LOFT! NYC!,96,Private room,65 reviews,"Williamsburg, Brooklyn"
Gorgeous Artist Loft in Brooklyn,181,Private room,0 reviews,Brooklyn
"Modern, Carroll Garden Townhouse",333,Entire home/apt,5 reviews,"Carroll Gardens, Brooklyn"
Designer Loft Penthouse Brooklyn,236,Entire home/apt,54 reviews,"Sunset Park, Brooklyn"
"Peace room, private bath, breakfast",97,Private room,17 reviews,Brooklyn
Lovely Spacious Private Room,103,Private room,4 reviews,Brooklyn
BEDFORD AVE STUDIO APT WITH GARDEN,242,Entire home/apt,9 reviews,"Williamsburg, Brooklyn"
Cozy Park Slope One Bedroom,180,Entire home/apt,8 reviews,Brooklyn
"large bdroom, priv bth, priv living",103,Private room,22 reviews,"Bedford-Stuyvesant, Brooklyn"
Entire 3BR Lux Apt 20min>Manhattan,120,Entire home/apt,3 reviews,Brooklyn
Sunny private room in artists loft,100,Private room,20 reviews,"Bedford-Stuyvesant, Brooklyn"
CHEAP BIG room in Williamsburg,48,Private room,23 reviews,Williamsburg Brooklyn
Fireplace! Apt Steps to Manhattan,224,Entire home/apt,37 reviews,"Downtown Brooklyn, Brooklyn"
Beautiful modern Brooklyn apt,206,Entire home/apt,11 reviews,"Boerum Hill, Brooklyn"
Cozy Carroll Gardens Brownstone Apt,212,Entire home/apt,46 reviews,"Carroll Gardens, Brooklyn"
Top Fl Garden View Private Apt.,175,Entire home/apt,52 reviews,"Crown Heights, Brooklyn"
Perfect in Park Slope: EZ 2 NYC,181,Entire home/apt,10 reviews,"Park Slope, Brooklyn"
Charm & Beauty close to Manhattan,120,Entire home/apt,27 reviews,"Bedford-Stuyvesant, Brooklyn"
Beautiful Space in Brooklyn Heights,242,Entire home/apt,5 reviews,"Brooklyn Heights, Brooklyn"
Private Room in South Williamsburg for an Amazing NYC Experience!,126,Private room,31 reviews,"Williamsburg, Brooklyn"
Park Slope livingroom/bedroom/bath,168,Private room,53 reviews,"Park Slope, Brooklyn"
"Cozy, spacious & convenient 1 BR :)",91,Private room,18 reviews,Brooklyn
big riverside 1bedrm williamsburg!,278,Entire home/apt,5 reviews,Brooklyn
The Library Loft's White Room,60,Private room,10 reviews,"Williamsburg, Brooklyn"
Romantic Brooklyn Garden Apt,212,Entire home/apt,17 reviews,"Fort Greene, Brooklyn"
Bedroom//Hip Neighborhood//Backyard,48,Private room,63 reviews,"Bushwick, Brooklyn"
Spacious Flat in Williamsburg,241,Entire home/apt,10 reviews,Brooklyn
360° Views - Modern Greenpoint Gem!,224,Entire home/apt,4 reviews,Brooklyn
"Brooklyn Brownstone, Private Room",103,Private room,72 reviews,"Prospect Heights, Brooklyn"
Cozy Carroll Gardens Brownstone Apt,212,Entire home/apt,46 reviews,"Carroll Gardens, Brooklyn"
1 Bedroom Brownstone Jewel Box,120,Entire home/apt,7 reviews,"Clinton Hill, Brooklyn"
Charming Cobble Hill apartment!,121,Private room,24 reviews,"Carroll Gardens, Brooklyn"
cozy sunny 1bedroom/kitchen/wc,169,Entire home/apt,2 reviews,Brooklyn
Williamsburg house w/huge garden,423,Entire home/apt,4 reviews,Brooklyn
"Cozy 1 bdrm Park Slope, Brooklyn,",121,Entire home/apt,2 reviews,Brooklyn
GREAT DUPLEX Central Williamsburg,266,Entire home/apt,27 reviews,"Williamsburg, Brooklyn"
Private room in a brownstone,97,Private room,10 reviews,Brooklyn
Spacious room in cozy Boerum Hill,109,Private room,70 reviews,"Boerum Hill, Brooklyn"
Sunny Room in Classic Artist's Loft,103,Private room,39 reviews,"Greenpoint, Brooklyn"
"LARGE PRIVATE FLOOR IN BROOKLYN, NY",121,Entire home/apt,78 reviews,"Bedford-Stuyvesant, Brooklyn"
"Cozy room, overlooking garden",79,Private room,12 reviews,Brooklyn
"Great room in Williamsburg, NY !",85,Private room,2 reviews,"Williamsburg, Brooklyn"
**Entire 2br Apt in Doorman Bldg!**,108,Entire home/apt,1 review,Brooklyn
East Williamsburg Artist Loft,60,Private room,9 reviews,Brooklyn
Prime Williamsburg Loft off Bedford,144,Private room,45 reviews,"Williamsburg, Brooklyn"
Cozy Room in Charming Brownstone,67,Private room,15 reviews,"Sunset Park, Brooklyn"
Sunny room in modern apartment,97,Private room,7 reviews,Brooklyn
NYC-Brooklyn #4 18 min to Manhattan,47,Private room,63 reviews,"Bedford-Stuyvesant, Brooklyn"
NYC Special Occasions Room #2,33,Private room,60 reviews,"Bedford-Stuyvesant, Brooklyn"
Urban Brooklyn duplex near subway!,200,Entire home/apt,3 reviews,Brooklyn
Refined Victorian 2BR Brownstone,277,Entire home/apt,3 reviews,"Clinton Hill, Brooklyn"
1 Bedroom Brownstone Jewel Box,120,Entire home/apt,7 reviews,"Clinton Hill, Brooklyn"
"Big Sunny Guest Room, W'burg Bridge",90,Private room,104 reviews,"Williamsburg, Brooklyn"
Private Bedroom in the loft,67,Private room,7 reviews,Brooklyn
"LEGAL PARK SLOPE 4 BR, ROOF TERRACE",605,Entire home/apt,44 reviews,"Boerum Hill, Brooklyn"
"New, modern, & sun-drenched 1.5 BD",145,Entire home/apt,9 reviews,"Brooklyn Navy Yard, Brooklyn"
Charming Williamsburg Room,119,Private room,11 reviews,"Williamsburg, Brooklyn"
1b prime N Williamsburg NYC,242,Entire home/apt,4 reviews,"Williamsburg, Brooklyn"
Luxury apt. 2 mins from Manhattan,241,Entire home/apt,30 reviews,"Downtown Brooklyn, New York"
BEDROOM & BATHROOM in BROOKLYN,121,Private room,20 reviews,"Bedford-Stuyvesant, Brooklyn"
"A Romantic Oasis in Bushwick, NY",79,Private room,7 reviews,"Bushwick, Brooklyn"
Williamsburg Loft City-River Views!,339,Entire home/apt,6 reviews,Brooklyn
Park Slope 4b Next To Prospect Park,484,Entire home/apt,10 reviews,"Park Slope, Brooklyn"
Stunning 23 fl bedroom with views,151,Private room,20 reviews,"Downtown Brooklyn, Brooklyn"
Zen Eyrie –Airport Pick-Up: JFK/LGA,58,Private room,5 reviews,"East New York, Brooklyn"
Modern 2bdrm with private terrace!,363,Entire home/apt,0 reviews,Brooklyn
Big Sunny Bdrm fits 4 in E W-burg,73,Private room,16 reviews,Brooklyn
"Sunny, calm room in Victorian home",96,Private room,61 reviews,"Bedford-Stuyvesant, Brooklyn"
PRIME LOCATION STYLISH COMFORT,333,Entire home/apt,26 reviews,"Williamsburg, Brooklyn"
Large Williamsburg Loft Apartment,242,Entire home/apt,29 reviews,"Williamsburg, Brooklyn"
Williamsburg 2b apartment with deck,224,Entire home/apt,90 reviews,"Williamsburg, Brooklyn"
Urban Jungle in Bedford Stuyvesant,133,Entire home/apt,42 reviews,"Bedford-Stuyvesant, Brooklyn"
Bi-level Loft with a Private Garden,240,Entire home/apt,5 reviews,"Williamsburg, Brooklyn"
"Huge room, private and simplistic.",133,Private room,51 reviews,"Williamsburg, Brooklyn"
Directly Across from Prospect Park!,71,Private room,56 reviews,Brooklyn
Historic Carroll Gardens 2 Bedroom,333,Entire home/apt,40 reviews,"Carroll Gardens, Brooklyn"
Comfortable 1 Bedroom in Greenpoint,181,Entire home/apt,25 reviews,"Greenpoint, Brooklyn"
Cozy Room in Rustic Bushwick Loft,71,Private room,12 reviews,"Bushwick, Brooklyn"
Northside Williamsburg Loft,121,Private room,36 reviews,"Williamsburg, Brooklyn"
Gorgeous Room in Brooklyn New York,121,Private room,55 reviews,"Williamsburg, Brooklyn"
Pretty and Private in Clinton Hill,109,Private room,0 reviews,Brooklyn
Beautiful Park Slope apartment,175,Entire home/apt,5 reviews,Brooklyn
Carroll Gardens Carriage House,109,Private room,27 reviews,"Gowanus, Brooklyn"
cozy sunny 1bedroom/kitchen/wc,169,Entire home/apt,2 reviews,Brooklyn
Sunny 2nd floor 2BR Apartment!,120,Entire home/apt,9 reviews,Brooklyn
"Large, Sunny Room in New Condo",108,Private room,115 reviews,"Clinton Hill, Brooklyn"
BayRidge near subway & express bus,48,Private room,34 reviews,"Bay Ridge, Brooklyn"
Private Room in South Williamsburg for an Amazing NYC Experience!,126,Private room,31 reviews,"Williamsburg, Brooklyn"
Spacious Williamsburg/Bushwick loft,85,Private room,74 reviews,"Bedford-Stuyvesant, Brooklyn"
Green Room in Beautiful Apt.,102,Private room,3 reviews,Brooklyn
COSY BEDROOM IN HUGE LOFT.,85,Private room,33 reviews,"Downtown Brooklyn, Brooklyn"
Williamsburg spacious Duplex & yard,277,Entire home/apt,42 reviews,"Greenpoint, Brooklyn"
Studio in Brownstone - Brooklyn 3F,133,Entire home/apt,39 reviews,"Clinton Hill, Brooklyn"
Urban Jungle in Bedford Stuyvesant,133,Entire home/apt,42 reviews,"Bedford-Stuyvesant, Brooklyn"
Park Slope Pied a Terre,108,Entire home/apt,158 reviews,"Park Slope, Brooklyn"
Bedroom in Artsy Williamsburg loft,60,Private room,4 reviews,Brooklyn
Private Room in Williamsburg NYC,85,Private room,5 reviews,"Williamsburg, Brooklyn"
Private Room in Big Apt on L train,73,Private room,16 reviews,Brooklyn
Beautiful modern Brooklyn apt,206,Entire home/apt,11 reviews,"Boerum Hill, Brooklyn"
PRIVATE and SUNNY Williamsburg Apt!,168,Entire home/apt,137 reviews,"Williamsburg, Brooklyn"
Brand New Apartment in Brooklyn!!,105,Private room,6 reviews,Brooklyn
Luxury Loft Private Room B (3C),121,Private room,11 reviews,Brooklyn
Private Room in Spacious Apartment,73,Private room,8 reviews,Brooklyn
Cozy Room In Brooklyn!!!,85,Private room,9 reviews,"Lefferts Garden, Brooklyn"
"BEST DEAL IN BROOKLYN, FULL SIZE BD",54,Private room,38 reviews,Brooklyn
Bedroom in a spacious artsy Loft,60,Private room,41 reviews,"Williamsburg, Brooklyn"
Beautiful room attached to bathroom,103,Private room,33 reviews,"Greenpoint, Brooklyn"
"Williamsburg Apt.near L,M,J,G train",97,Private room,4 reviews,Brooklyn
Bushwick B&B in Brooklyn NY,115,Private room,59 reviews,"East New York, Brooklyn"
Mayor's Mansion - Garden_Suite,163,Private room,9 reviews,Brooklyn
Welcome to the Valley!,121,Entire home/apt,20 reviews,"Bushwick, Brooklyn"
Brooklyn Zen,181,Entire home/apt,14 reviews,"Brooklyn Heights, Brooklyn"
Quaint Studio Apt. $1100 monthly,48,Entire home/apt,2 reviews,"Bay Ridge, Brooklyn"
The Wedge House,151,Entire home/apt,2 reviews,Brooklyn
Large and sunny bedroom in Brooklyn,79,Private room,28 reviews,"Crown Heights, Brooklyn"
Sun-drenched 1 Bedroom on the Park,158,Entire home/apt,23 reviews,"Greenpoint, Brooklyn"
Big King Room in Williamsburg,104,Private room,31 reviews,"Williamsburg, Brooklyn"
"NYC, Modern & Comfortable. THE ONE",241,Entire home/apt,50 reviews,"Williamsburg, Brooklyn"
PRIME LOCATION STYLISH COMFORT,333,Entire home/apt,26 reviews,"Williamsburg, Brooklyn"
Bedford Stuyvesant Urban Hang Suite,181,Entire home/apt,48 reviews,"Bedford-Stuyvesant, Brooklyn"
1100 sq/ft loft-apt in williamsburg,200,Entire home/apt,18 reviews,"Williamsburg, Brooklyn"
Charming Williamsburg Room,119,Private room,11 reviews,"Williamsburg, Brooklyn"
Comfortable 1 Bedroom in Greenpoint,181,Entire home/apt,25 reviews,"Greenpoint, Brooklyn"
Spacious Sunny 2BR/Prime Greenpoint,242,Entire home/apt,6 reviews,Brooklyn
"HUGE bdr, LOFT BEDFORD - 5MN Manhat",73,Private room,0 reviews,Brooklyn
Huge and Beautiful Room,103,Private room,3 reviews,"Bushwick, Brooklyn"
terrace.view.luxury.1stop manhattan,387,Entire home/apt,0 reviews,Brooklyn
"Bright, Large room with Queen Bed",115,Private room,1 review,Brooklyn
Gorgeous Private 1 Bedroom,127,Private room,5 reviews,Brooklyn
Modern 2 Bedroom in Park Slope,302,Entire home/apt,1 review,Brooklyn
Bedford Stuyvesant Urban Hang Suite,181,Entire home/apt,48 reviews,"Bedford-Stuyvesant, Brooklyn"
Big Beautiful Railroad in Brooklyn,212,Entire home/apt,26 reviews,"Bushwick, Brooklyn"
Cute + Cozy: Park Slope One Bedroom,157,Entire home/apt,1 review,Brooklyn
Williamsburg apartment with terrace,212,Entire home/apt,69 reviews,"Williamsburg, Brooklyn"
Charming Townhouse 2BD/2BTH w Patio,224,Entire home/apt,68 reviews,"Clinton Hill, Brooklyn"
Strawberry B&B,85,Private room,24 reviews,"Bushwick, Brooklyn"
Spacious & Stylish-Central location,181,Entire home/apt,18 reviews,"Williamsburg, New York"
Beautiful luxury one-bdrm apartment,229,Entire home/apt,19 reviews,"Williamsburg, Brooklyn"
3BR Duplex + Backyard (Sleeps 6),272,Entire home/apt,8 reviews,Brooklyn
BEAUTIFUL ROOM IN BKLYN BROWNSTONE,108,Private room,38 reviews,"Bedford-Stuyvesant, Brooklyn"
Beautiful Private Apt- Williamsburg,121,Private room,6 reviews,"Greenpoint, Brooklyn"
Garden Apartment in Park Slope,181,Entire home/apt,31 reviews,"Park Slope, Brooklyn"
"Sunny, Large & Lovely in Greenpoint",363,Entire home/apt,23 reviews,"Greenpoint, Brooklyn"
Beautiful central bright loft apt.,242,Entire home/apt,33 reviews,"Williamsburg, Brooklyn"
Luminous 2BR in Park Slope NYC,204,Entire home/apt,7 reviews,Brooklyn
Airy and Bright Loft -Williamsburg,241,Entire home/apt,23 reviews,"Williamsburg, Brooklyn"
Williamsburg Penthouse Guestroom,73,Private room,6 reviews,Brooklyn
Giant Bedroom - Steps from Subway,114,Private room,2 reviews,Brooklyn
"Cobble Hill, Brooklyn, townhouse BR",181,Private room,2 reviews,Brooklyn
Beautiful Brooklyn share apartment,54,Shared room,11 reviews,"Bay Ridge, Brooklyn"
20% Off Winter Sale - Private Apt,192,Entire home/apt,136 reviews,"Park Slope, Brooklyn"
big riverside 1bedrm williamsburg!,278,Entire home/apt,5 reviews,Brooklyn
Quaint Studio Apt. $1100 monthly,48,Entire home/apt,2 reviews,"Bay Ridge, Brooklyn"
Mayor's Mansion - Garden Suite,151,Private room,46 reviews,"Fort Greene, Brooklyn"
Cozy Room In Brooklyn!!!,85,Private room,9 reviews,"Lefferts Garden, Brooklyn"
Perfect in Park Slope: EZ 2 NYC,181,Entire home/apt,10 reviews,"Park Slope, Brooklyn"
Beautiful Space in Brooklyn Heights,242,Entire home/apt,5 reviews,"Brooklyn Heights, Brooklyn"
**SUPERB SPACE IN DUMBO BROOKLYN**,133,Private room,52 reviews,"DUMBO, Brooklyn"
Charming Brooklyn Studio,133,Entire home/apt,59 reviews,"Crown Heights, New York"
KOZY ROOM IN FORT GREENE BROOKLYN..,96,Private room,87 reviews,"Fort Greene, Brooklyn"
Sunny Private Room in Williamsburg,97,Private room,40 reviews,"Williamsburg, Brooklyn"
Large and sunny bedroom in Brooklyn,79,Private room,28 reviews,"Crown Heights, Brooklyn"
Park Slope Pied a Terre,108,Entire home/apt,158 reviews,"Park Slope, Brooklyn"
Private Room in Sunny Brownstone,79,Private room,25 reviews,"Lefferts Garden, Brooklyn"
Classic Artist Loft Williamsburg,151,Private room,89 reviews,"Williamsburg, Brooklyn"
Idyllic Boerum Hill One Bedroom,212,Entire home/apt,6 reviews,Brooklyn
Private Room in Spacious Apartment,73,Private room,8 reviews,Brooklyn
New & Private Luxury Bedroom nr All,63,Private room,1 review,Brooklyn
Williamsburg off Bedford L - 2,144,Private room,0 reviews,"Williamsburg, Brooklyn"
Lovely Room - Lorimer L Train,109,Private room,11 reviews,"Williamsburg, Brooklyn"
Private Room in WBerg Flat 4B,109,Private room,25 reviews,"Williamsburg, Brooklyn"
Modern 1br loft apt in Williamsburg,212,Entire home/apt,8 reviews,"Williamsburg, Brooklyn"
COSY BEDROOM IN HUGE LOFT.,85,Private room,33 reviews,"Downtown Brooklyn, Brooklyn"
Spacious Sunny 2BR/Prime Greenpoint,242,Entire home/apt,6 reviews,Brooklyn
Charming 3bd Bedford Ave Apartment,272,Entire home/apt,54 reviews,"Williamsburg, Brooklyn"
Huge Room in Williamsburg Brooklyn,67,Private room,3 reviews,"Williamsburg, Brooklyn"
Sunny Williamsburg Apt w/ Deck,269,Entire home/apt,19 reviews,"Williamsburg, Brooklyn"
"Room in modern, Brooklyn apartment",79,Private room,28 reviews,"Bedford-Stuyvesant, Brooklyn"
Spacious Williamsburg/Bushwick loft,85,Private room,74 reviews,"Bedford-Stuyvesant, Brooklyn"
Nice and Sunny Room For Two,47,Private room,2 reviews,Brooklyn
Beautiful View Of Prospect Park!,121,Entire home/apt,22 reviews,"Lefferts Garden, Brooklyn"
Park Slope Brooklyn!  Sunny Bedroom,127,Private room,108 reviews,"Park Slope, Brooklyn"
Modern/Rustic Studio Apt.,236,Entire home/apt,10 reviews,"Williamsburg, Brooklyn"
Private Skylight Room in BK Duplex,121,Private room,3 reviews,Brooklyn
"Steps From Art, Shopping & Eats",212,Entire home/apt,9 reviews,"Prospect Heights, Brooklyn"
Lovely sun-lit 3-bedroom apartment,212,Entire home/apt,18 reviews,Brooklyn
Private Room in Williamsburg Abode!,139,Private room,2 reviews,Brooklyn
Welcome to the Valley!,121,Entire home/apt,20 reviews,"Bushwick, Brooklyn"
DUMBO Contemporary Loft,242,Private room,8 reviews,"DUMBO, Brooklyn"
Lively loft!,59,Private room,62 reviews,"Williamsburg, Brooklyn"
Awesome Room #1 - Special Low Price,71,Private room,1 review,Brooklyn
Williamsburg Penthouse For A Cause,145,Private room,111 reviews,"Williamsburg, Brooklyn"
Private Entrance - Garden Apartment,145,Entire home/apt,47 reviews,"Clinton Hill, Brooklyn"
Private Room B in Lux Loft (3B),121,Private room,8 reviews,Brooklyn
Room in large bright Wburg apt,67,Private room,3 reviews,"Williamsburg, Brooklyn"
"Cozy, spacious & convenient 1 BR :)",91,Private room,18 reviews,Brooklyn
Best Bedroom with Private Bathroom,108,Private room,8 reviews,Brooklyn
Beautiful Williamsburg APT w/ VIEW!,241,Entire home/apt,4 reviews,Brooklyn
NYC Large Sunny Room Artist Home!,73,Private room,7 reviews,"Bushwick, Brooklyn"
"Your Haven Awaits At ""Emma's Place""",163,Entire home/apt,28 reviews,"Bedford-Stuyvesant, Brooklyn"
COMFORT AND CONVENIENCE IN THE CITY,79,Private room,29 reviews,"Bedford-Stuyvesant, Brooklyn"
Amazing 2 bed triplex loft,302,Entire home/apt,1 review,Brooklyn
Queen Sleeper Sofa w/ Outdoor Deck,77,Shared room,18 reviews,Brooklyn
The Wedge House,151,Entire home/apt,2 reviews,Brooklyn
2 bedroom apt in brick townhouse,139,Entire home/apt,42 reviews,"Brooklyn Navy Yard, Brooklyn"
Chic Victorian Garden Studio Apt.,192,Entire home/apt,89 reviews,"Clinton Hill, Brooklyn"
Fresh and modern 1BR in Bed-Stuy,103,Entire home/apt,33 reviews,"Bedford-Stuyvesant, Brooklyn"
Boutique Williamsburg 1 bedroom apt,242,Entire home/apt,12 reviews,"Williamsburg, Brooklyn"
Artsy apt in heart of Williamsburg,139,Entire home/apt,30 reviews,"Williamsburg, Brooklyn"
1 Blk to Subway + Prospect Park B,60,Private room,25 reviews,"Flatbush, Brooklyn"
Charming Boerum Hill - Private Deck,103,Private room,85 reviews,"Boerum Hill, Brooklyn"
Cozy space in a lovely place!,79,Private room,82 reviews,"Bushwick, Brooklyn"
Brand New Apartment in Brooklyn!!,105,Private room,6 reviews,Brooklyn
"1 Bedroom Apartment, 1906 Mansion",115,Entire home/apt,7 reviews,"Clinton Hill, Brooklyn"
Sunny 1 Bedroom Apartment/Loft,181,Entire home/apt,12 reviews,"Williamsburg, Brooklyn"
Spacious & Colorful apt near subway,59,Shared room,19 reviews,"Flatbush, Brooklyn"
Perfect room at perfect location,73,Private room,12 reviews,Brooklyn
Studio in Brownstone - Brooklyn 3F,133,Entire home/apt,39 reviews,"Clinton Hill, Brooklyn"
Private room in Fort Greene Bklyn,103,Private room,14 reviews,Brooklyn
Park Slope private room by subway,103,Private room,201 reviews,"Park Slope, Brooklyn"
"Sunny, beautiful Brooklyn abode",230,Entire home/apt,11 reviews,"Williamsburg, Brooklyn"
Best Neighborhood Carroll Gardens,333,Entire home/apt,35 reviews,"Carroll Gardens, Brooklyn"
Cozy Greenpoint Accommodation,81,Private room,30 reviews,"Greenpoint, Brooklyn"
Bedroom in Artsy Williamsburg loft,60,Private room,4 reviews,Brooklyn
Sun-drenched 1 Bedroom on the Park,158,Entire home/apt,23 reviews,"Greenpoint, Brooklyn"
Bright Roomy Williamsburg Apartment,194,Entire home/apt,5 reviews,Brooklyn
Bushwick B&B in Brooklyn NY,115,Private room,59 reviews,"East New York, Brooklyn"
Luxury Landmark Converted Stable,726,Entire home/apt,97 reviews,"Clinton Hill, Brooklyn"
Apt with pilates studio in Wllmsbrg,97,Private room,107 reviews,"Williamsburg, Brooklyn"
LargeRoom In Heart Of Williamsburg,120,Private room,13 reviews,Brooklyn
2 story family home in Williamsburg,345,Entire home/apt,150 reviews,"Williamsburg, Brooklyn"
BEDROOM2 FOR RENT  10min from Manh,97,Private room,10 reviews,"Bedford-Stuyvesant, Brooklyn"
"Park Slope Apt:, Spacious 2 bedroom",200,Entire home/apt,20 reviews,"Park Slope, Brooklyn"
The Vernon On Greene,217,Entire home/apt,100 reviews,"Bedford-Stuyvesant, Brooklyn"
Luxury Loft Private Room B (3C),121,Private room,11 reviews,Brooklyn
"New, 1 Bdr. in prime Park Slope!",121,Entire home/apt,4 reviews,Brooklyn
Williamsburg/Greenpoint Parkside,315,Entire home/apt,9 reviews,"Greenpoint, Brooklyn"
Bushwick Creative Den of Bliss,120,Private room,36 reviews,"Bushwick, Brooklyn"
Cozy rooms with private bath,103,Private room,10 reviews,Brooklyn
Queen Bed with Private Bathroom,103,Private room,25 reviews,"Williamsburg, Brooklyn"
Brooklyn Penthouse w/ Skyline View,73,Private room,4 reviews,"Crown Heights, Brooklyn"
Private Room - Brooklyn NY,45,Private room,0 reviews,Brooklyn
BK CHARM~Clean Modern~XPrss Train!!,67,Private room,75 reviews,"Flatbush, Brooklyn"
"Easy going, clean and close to city",79,Private room,19 reviews,Brooklyn
Columbia Waterfront District,175,Entire home/apt,46 reviews,"Columbia Street Waterfront, Brooklyn"
Charming Park Slope Apt W/Garden,200,Entire home/apt,26 reviews,"Park Slope, Brooklyn"
Treehouse Nook in Bushwick Home,97,Private room,10 reviews,"Bushwick, Brooklyn"
Bedroom in a spacious artsy Loft,60,Private room,41 reviews,"Williamsburg, Brooklyn"
Sunny Private Williamsburg room,121,Private room,8 reviews,"Williamsburg, Brooklyn"
Large Private B&B Style Studio,97,Entire home/apt,46 reviews,"Bedford-Stuyvesant, Brooklyn"
Lovely Bedroom and private shower,76,Private room,13 reviews,Brooklyn
Williamsburg house | near Lorimer L,121,Private room,25 reviews,"Williamsburg, Brooklyn"
lrg bedrm historic home 1blk PRATT,143,Private room,10 reviews,"Clinton Hill, Brooklyn"
Studio Space-Share Kitch/Bath,97,Private room,14 reviews,"Sunset Park, Brooklyn"
1bdr w private bath. in lofty apt,152,Private room,17 reviews,"Fort Greene, Brooklyn"
Cute Williamsburg Room w/ LOFT BED,96,Private room,18 reviews,"Williamsburg, Brooklyn"
Beautiful Brooklyn with garden!,169,Entire home/apt,1 review,"Crown Heights, Brooklyn"
Beautiful Views from True Brooklyn,79,Private room,18 reviews,Brooklyn
"NYC, Modern & Comfortable. THE ONE",241,Entire home/apt,50 reviews,"Williamsburg, Brooklyn"
Bedroom +Breakfast +Brisk Access,51,Private room,6 reviews,Brooklyn
Big Cute Room w/Pvt Entry in Duplex,109,Private room,71 reviews,"Bedford-Stuyvesant, Brooklyn"
"HUGE, modern 2-LEVEL Brooklyn apt",302,Entire home/apt,20 reviews,"DUMBO, Brooklyn"
SUNNY penthouse w/patio & city view,115,Private room,30 reviews,"Williamsburg, Brooklyn"
"Breakfast Patio , Roof & BK Bridge!",97,Private room,7 reviews,"Downtown Brooklyn, Brooklyn"
Lovely Brooklyn Apartment,145,Entire home/apt,13 reviews,"Greenpoint, Brooklyn"
Charming and Cozy 1 Bedroom,175,Entire home/apt,5 reviews,"Carroll Gardens, Brooklyn"
Modern bright 1 BR in Williamsburg,266,Entire home/apt,3 reviews,Brooklyn
"Gorgeous, bright and spacious!",230,Entire home/apt,13 reviews,"Brooklyn Heights, Brooklyn"
Home Sweet Home 2!!!!,109,Private room,33 reviews,"Williamsburg, Brooklyn"
Green Room in Beautiful Apt.,102,Private room,3 reviews,Brooklyn
Mayor's Mansion - Carlton Suite,145,Private room,45 reviews,"Fort Greene, Brooklyn"
Incredible Views in Williamsburg,242,Entire home/apt,3 reviews,"Williamsburg, Brooklyn"
Sunny Room in the Heart of it All!,115,Private room,36 reviews,"Williamsburg, Brooklyn"
"Dream Come True, Too! Williamsburg",120,Private room,31 reviews,"Williamsburg, Brooklyn"
Gorgeous Sky-lit 2br (hidden gem),212,Entire home/apt,67 reviews,"Williamsburg, Brooklyn"
Sunny room in Bushwick,73,Private room,12 reviews,"Bushwick, Brooklyn"
Bedroom in Designer Brooklyn Loft,103,Private room,3 reviews,"Bushwick, Brooklyn"
Luxury Loft Private Room A (3C),121,Private room,12 reviews,Brooklyn
Elegantly Simple Bed-Stuy Flat,156,Entire home/apt,14 reviews,Brooklyn
Beautiful room! Heart of Wburg BK!,83,Private room,46 reviews,"Williamsburg, Brooklyn"
Designer loft in hip Williamsburg,206,Entire home/apt,14 reviews,"Williamsburg, Brooklyn"
Perfect room(2) at perfect location,67,Private room,4 reviews,Brooklyn
Safe & Sunny 1bdrm -1blk to subway!,157,Entire home/apt,5 reviews,"Crown Heights, Brooklyn"
Huge Studio like-BR w/ PR Bathroom,119,Private room,2 reviews,Brooklyn
"Room & Breakfast, Steps to L Train",67,Private room,107 reviews,"Bushwick, Brooklyn"
Private room in Williamsburg,121,Private room,21 reviews,"Williamsburg, Brooklyn"
HUGE Loft! Comfy! Light! Plants!,83,Private room,38 reviews,"Bushwick, Brooklyn"
"""The Country"" & the NYC Waterfront!",194,Entire home/apt,75 reviews,"Williamsburg, Brooklyn"
Brooklyn Brownstone Top Floor,157,Entire home/apt,10 reviews,"Bedford-Stuyvesant, Brooklyn"
2nd Fl Bklyn Brownstone Apt!,121,Entire home/apt,32 reviews,"Lefferts Garden, Brooklyn"
Entire Waterfront Loft; City Views,206,Entire home/apt,68 reviews,"Brooklyn Navy Yard, Brooklyn"
Central Williamsburg 2 BD Flat,302,Entire home/apt,13 reviews,"Williamsburg, Brooklyn"
Charming Cheery Studio*Great Space*,115,Entire home/apt,8 reviews,Brooklyn
Bedford Ave Artist Loft,180,Entire home/apt,12 reviews,Brooklyn
Room 4 subway stops from Manhattan,97,Private room,41 reviews,"Lefferts Garden, Brooklyn"
Charming 1 Bedroom with terrace,168,Entire home/apt,4 reviews,"Vinegar Hill, Brooklyn"
Cozy Williamsburg Apt. w/ Terrace..,163,Entire home/apt,22 reviews,"Williamsburg, Brooklyn"
"Big, Sunny, Modern Apartment w/VIEW",241,Entire home/apt,36 reviews,"Williamsburg, Brooklyn"
Charming BR in brownstone farmhouse,113,Private room,46 reviews,"Clinton Hill, Brooklyn"
Luxury Lofted Williamsburg 3bd,417,Entire home/apt,55 reviews,"Williamsburg, Brooklyn"
Stunning Greenpoint Penthouse,121,Private room,12 reviews,"Greenpoint, Brooklyn"
PRIVATE and SUNNY Williamsburg Apt!,168,Entire home/apt,137 reviews,"Williamsburg, Brooklyn"
Prospect Heights/Park Slope Beauty,181,Entire home/apt,48 reviews,"Prospect Heights, Brooklyn"
Studio Apt. in East Williamsburg,115,Entire home/apt,29 reviews,"Williamsburg, Brooklyn"
1 block from Prospect Park!,85,Private room,13 reviews,"Lefferts Garden, Brooklyn"
bright bushwick room w/private bath,70,Private room,0 reviews,Brooklyn
Beautiful Williamsburg APT w/ VIEW!,241,Entire home/apt,4 reviews,Brooklyn
"Stay in Bushwick, Brooklyn!",65,Private room,11 reviews,Brooklyn
Sunny Apt w Option of 2 Full Beds,70,Private room,67 reviews,"Bushwick, Brooklyn"
Private Rm in Cozy Williamsburg Apt,109,Private room,4 reviews,"Williamsburg, Brooklyn"
KOZY ROOM IN FORT GREENE BROOKLYN..,96,Private room,87 reviews,"Fort Greene, Brooklyn"
Bi-level Loft with a Private Garden,240,Entire home/apt,5 reviews,"Williamsburg, Brooklyn"
PERFECT room in prime Williamsburg!,102,Private room,31 reviews,"Williamsburg, Brooklyn"
Fort Greene Brooklyn Studio Apt,169,Entire home/apt,2 reviews,"Fort Greene, Brooklyn"
Sunny Room in the heart of W'burg,79,Private room,23 reviews,"Williamsburg, Brooklyn"
BIG ROOM 1- 15 MINUTES TO MANHATTAN,91,Private room,10 reviews,Brooklyn
Brooklyn Artist loft off Bedford,79,Private room,3 reviews,Brooklyn
Great Williamsburg Apt with Balcony,83,Private room,5 reviews,Brooklyn
Large & Private 1 BR in BK Heights!,212,Private room,12 reviews,"Brooklyn Heights, Brooklyn"
"Fab, Cozy Brownstone Apt in BedStuy",115,Entire home/apt,82 reviews,"Bedford-Stuyvesant, Brooklyn"
Sunny Private Room in Brooklyn,73,Private room,11 reviews,"Crown Heights, Brooklyn"
Luxury Loft in Prospect Heights,157,Private room,25 reviews,"Prospect Heights, Brooklyn"
Studio in South Williamsburg,156,Entire home/apt,15 reviews,"Williamsburg, Brooklyn"
Park Slope Private Room and Bath,79,Private room,23 reviews,"Park Slope, Brooklyn"
beautiful brownstone,155,Entire home/apt,21 reviews,Brooklyn
Better than a Hotel,242,Entire home/apt,41 reviews,"Williamsburg, Brooklyn"
Bright Private Room with Futon,109,Private room,7 reviews,Brooklyn
Best location in Brooklyn!,133,Private room,20 reviews,"Park Slope, Brooklyn"
Sunny Modern 2-Bedroom in Bushwick,169,Entire home/apt,9 reviews,"Bushwick, Brooklyn"
Modern building in greenpoint!!!,97,Private room,20 reviews,Brooklyn
Studio in Fort Greene/Clinton Hill,163,Entire home/apt,46 reviews,"Clinton Hill, Brooklyn"
1 Blk to Subway + Prospect Park D,60,Private room,20 reviews,"Flatbush, Brooklyn"
Nice Bedroom in Williamsburg Loft,115,Private room,5 reviews,Brooklyn
Hancock House cozy Garden Level,120,Entire home/apt,2 reviews,Brooklyn
Stylish Brooklyn Apartment,120,Entire home/apt,1 review,Brooklyn
Williamsburg Artist Loft,212,Entire home/apt,20 reviews,"Williamsburg, Brooklyn"
Large 1 Bedroom in Brooklyn Heights,302,Entire home/apt,2 reviews,Brooklyn
Private Brooklyn Suite within Apt,103,Private room,70 reviews,"Lefferts Garden, Brooklyn"
Room for a girl in Park Slope,48,Private room,13 reviews,"Park Slope, Brooklyn"
Brooklyn Home Base,132,Entire home/apt,7 reviews,Brooklyn
Minimalist loft in Williamsburg,229,Entire home/apt,18 reviews,"Williamsburg, Brooklyn"
1BD in Modern Deco Williamsburg,139,Private room,4 reviews,"Williamsburg, Brooklyn"
Trendy Bushwick neighborhood,85,Private room,6 reviews,Brooklyn
Beautiful Bedstuy Garden Apartment,132,Entire home/apt,8 reviews,"Bedford-Stuyvesant, Brooklyn"
Peaceful new 2 bed in South Wsbg!,242,Entire home/apt,17 reviews,"Williamsburg, Brooklyn"
"Clean, bright and sunny bedroom",91,Private room,1 review,"Williamsburg, Brooklyn"
Beautiful Brooklyn Heights Studio,180,Entire home/apt,10 reviews,"Brooklyn Heights, Brooklyn"
"Sunny Rm, bike, Prospect Park!",48,Private room,35 reviews,"Lefferts Garden, Brooklyn"
"Quaint, beautiful studio Brooklyn",181,Entire home/apt,35 reviews,"Boerum Hill, Brooklyn"
"New, spacious 2BD in Williamsburg",181,Entire home/apt,9 reviews,"Williamsburg, Brooklyn"
Brooklyn Prospect Park Cozy Single,109,Private room,92 reviews,"Prospect Heights, Brooklyn"
Charming room near Park & Museum!,58,Private room,4 reviews,"Prospect Heights, Brooklyn"
$82 Cozy 1BD in BK - Dec 8 to 18,102,Entire home/apt,12 reviews,Brooklyn
Global Modern Garden Apt BedStuy,163,Entire home/apt,61 reviews,"Bedford-Stuyvesant, Brooklyn"
"HISTORIC WILLIAMSBURG, BKLYN",236,Entire home/apt,28 reviews,"Williamsburg, Brooklyn"
Cozy Room in Bushwick Greenhouse,91,Private room,5 reviews,Brooklyn
"Country chic bedroom, Williamsburg",121,Private room,14 reviews,"Williamsburg, Brooklyn"
Private Room/Heart of Williamsburg,103,Shared room,3 reviews,Brooklyn
Private Bedroom & Bathroom W/ Yard,79,Private room,26 reviews,"Bushwick, Brooklyn"
The artist's house part 3,73,Private room,10 reviews,"Lefferts Garden, Brooklyn"
COZY and WARM Garden Apartment,181,Entire home/apt,35 reviews,"Fort Greene, Brooklyn"
Cool & Cozy Apt in Great Neighborhd,167,Entire home/apt,106 reviews,"Flatbush, Brooklyn"
Modern Cozy Brownstone Apartment,115,Private room,39 reviews,"Williamsburg, Brooklyn"
Guest Bedroom in Huge Brooklyn Apt,109,Private room,3 reviews,Brooklyn
"HUGE, modern 2-LEVEL Brooklyn apt",302,Entire home/apt,20 reviews,"DUMBO, Brooklyn"
Brooklyn - Boerum Hill Beauty,242,Entire home/apt,4 reviews,Brooklyn
"Best located 2BD, & outdoor deck!",212,Entire home/apt,43 reviews,"Williamsburg, New York"
Classic Artist Loft Williamsburg,151,Private room,89 reviews,"Williamsburg, Brooklyn"
Stunning 23 fl bedroom with views,151,Private room,20 reviews,"Downtown Brooklyn, Brooklyn"
Designer loft in hip Williamsburg,206,Entire home/apt,14 reviews,"Williamsburg, Brooklyn"
Loft Share off Bedford in Brooklyn!,87,Private room,4 reviews,Brooklyn
Open Design Williamsburg Loft,338,Entire home/apt,43 reviews,"Williamsburg, Brooklyn"
"Cozy Bklyn,20min toJFK or Manhattan",59,Private room,0 reviews,Brooklyn
Charming 3bdrm Loft~Bed & Bagel!,236,Entire home/apt,31 reviews,"Bushwick, Brooklyn"
HUGE SUNNY ROOM 1 PRIME WILLYBURG!!,121,Private room,8 reviews,Brooklyn
Your Prospect Heights Garden Oasis!,200,Entire home/apt,30 reviews,"Prospect Heights, Brooklyn"
Bedroom in a spacious artsy Loft  C,54,Private room,3 reviews,"Williamsburg, Brooklyn"
Large sun-filled apt Lorimer L stop,157,Entire home/apt,11 reviews,"Williamsburg, Brooklyn"
BEAUTIFUL STUDIO IN BOERUM HILL #8,212,Entire home/apt,21 reviews,"Boerum Hill, Brooklyn"
Lovely Bright 1 BedR With Backyard,175,Entire home/apt,2 reviews,"Williamsburg, Brooklyn"
Share a Private HOME - Brooklyn,91,Private room,26 reviews,"Bedford-Stuyvesant, Brooklyn"
Holiday Time in NY - Oh My!!,109,Private room,49 reviews,"Crown Heights, Brooklyn"
Vintage Williamsburg 1BR near park!,224,Entire home/apt,5 reviews,Brooklyn
Lovely Room in Gorgeous BK Brwnstn!,109,Private room,13 reviews,"Bedford-Stuyvesant, Brooklyn"
Gorgeous Private Room in Bushwick,67,Private room,1 review,"Bedford-Stuyvesant, Brooklyn"
Best Room in Bushwick,54,Private room,11 reviews,Brooklyn
Garden Suite in Fort Greene,133,Entire home/apt,73 reviews,"Fort Greene, Brooklyn"
Unique BK- Manhattan in 10-15 min,91,Private room,7 reviews,Brooklyn
Party/Event Loft 3000SQ FT BKLYN,1814,Entire home/apt,5 reviews,Brooklyn
Park Slope Brownstone with Garden,188,Entire home/apt,20 reviews,"Park Slope, Brooklyn"
Private Bedroom & Bathroom W/ Yard,79,Private room,26 reviews,"Bushwick, Brooklyn"
Nice Apt in HEART of Williamsburg!,163,Entire home/apt,24 reviews,"Williamsburg, Brooklyn"
SUNNY ROOM A PRIME CHIC WILLYBURG!!,117,Private room,8 reviews,Brooklyn
Brooklyn 1 BR near subway,91,Entire home/apt,7 reviews,Brooklyn
Spacious Loft 5 min to Union Square,157,Private room,72 reviews,"Williamsburg, Brooklyn"
"Bright, Sunny Studio in Bay Ridge",85,Entire home/apt,4 reviews,Brooklyn
Bedroom with Garden at the Back,85,Private room,102 reviews,"Clinton Hill, Brooklyn"
1 Bedroom Sunny Charming Apartment,145,Entire home/apt,1 review,"Bedford-Stuyvesant, Brooklyn"
Spacious & Sunny - Entire Apt,121,Entire home/apt,0 reviews,Brooklyn
E Williamsburg Artist Retreat;Beige,79,Private room,46 reviews,"Williamsburg, Brooklyn"
3BR in trendy WilliamsburgBrooklyn,242,Entire home/apt,1 review,"Williamsburg, Brooklyn"
HIP ROOM A- 15 MINUTES TO MANHATTAN,85,Private room,15 reviews,Brooklyn
Peaceful 1 bedroom in South Slope,145,Entire home/apt,16 reviews,"Greenwood Heights, Brooklyn"
Lovely Sunlit Brooklyn Brownstone,103,Private room,12 reviews,"Bedford-Stuyvesant, Brooklyn"
"Private room, williamsburg NYC!!!!!",71,Private room,6 reviews,"Williamsburg, Brooklyn"
LOFTED large room with Private Bath,42,Private room,2 reviews,Brooklyn
Private 1 BD close to Manhattan,60,Private room,20 reviews,Brooklyn
Treehouse Nook in Bushwick Home,97,Private room,10 reviews,"Bushwick, Brooklyn"
Ideal Brooklyn Brownstone Apartment,200,Entire home/apt,59 reviews,"Bedford-Stuyvesant, Brooklyn"
Williamsburg Penthouse Hideaway,91,Private room,37 reviews,"Williamsburg, Brooklyn"
Park Slope Private Room and Bath,79,Private room,23 reviews,"Park Slope, Brooklyn"
Private Room in a two bedroom apt.,97,Private room,17 reviews,Brooklyn
Urban oasis! 2 bedrooms w/ 3 patios,200,Entire home/apt,14 reviews,"Williamsburg, Brooklyn"
Large Room in Beautiful Apartment,105,Private room,22 reviews,"Greenpoint, Brooklyn"
Writer's Room - Sunny Artsy Loft,81,Private room,41 reviews,"Williamsburg, Brooklyn"
Beautiful studio in Boerum Hill #6,212,Entire home/apt,40 reviews,"Boerum Hill, Brooklyn"
Historic House in Williamsburg,132,Private room,66 reviews,"Williamsburg, Brooklyn"
Private Room - Bedford Ave. W'Burg,103,Private room,3 reviews,Brooklyn
HIP + MODERN APT IN WILLIAMSBURG!,351,Entire home/apt,19 reviews,"Williamsburg, Brooklyn"
Easy/Adorable! PrvtRm 15toManhattan,91,Private room,68 reviews,"Bedford-Stuyvesant, Brooklyn"
"Clean, bright and sunny bedroom",91,Private room,1 review,"Williamsburg, Brooklyn"
Beautiful Williamsburg loft,151,Entire home/apt,34 reviews,"Williamsburg, Brooklyn"
Large Studio Apt on Prospect Park,157,Entire home/apt,29 reviews,"Windsor Terrace, Brooklyn"
"Hip Williamsburg Loft, Graham L",79,Private room,10 reviews,"Williamsburg, Brooklyn"
Historic Brownstone Duplex,363,Entire home/apt,0 reviews,Brooklyn
Private room in artsy apt,85,Private room,21 reviews,"Clinton Hill, Brooklyn"
The Greenwood Grand - Stay Boutique,188,Entire home/apt,28 reviews,Brooklyn
Organic Modern Williamsburg loft,315,Entire home/apt,1 review,Brooklyn
Room in large Brooklyn apt by Park,103,Private room,5 reviews,Brooklyn
BKLYN Brownstone- Premiere Studio!,169,Entire home/apt,63 reviews,"Bedford-Stuyvesant, Brooklyn"
Clean&Serene in Scenic Fort Greene,139,Private room,215 reviews,"Fort Greene, Brooklyn"
Private room w/ balcony & bathroom,109,Private room,6 reviews,Brooklyn
"Private Entrance, Beautiful Garden",120,Entire home/apt,40 reviews,"Crown Heights, Brooklyn"
Quintessential W'burg Apartment,121,Private room,29 reviews,"Williamsburg, Brooklyn"
SPACIOUS GREENPOINT 1 BEDROOM,145,Entire home/apt,4 reviews,"Greenpoint, Brooklyn"
Beautiful Room 1,96,Private room,5 reviews,"Bedford-Stuyvesant, Brooklyn"
Refined Victorian 2BR Brownstone,277,Entire home/apt,3 reviews,"Clinton Hill, Brooklyn"
15 min to NYC-Cozy Brownstone Room,54,Private room,2 reviews,Brooklyn
BED+FUTON 1 - 15 MINUTES >MANHATTAN,91,Private room,14 reviews,Brooklyn
Comfortable Room available,59,Private room,6 reviews,Brooklyn
"Huge factory loft, prime location",278,Entire home/apt,36 reviews,"Williamsburg, Brooklyn"
Awesome room in Williamsburg,109,Private room,25 reviews,"Williamsburg, Brooklyn"
Luxurious Bedroom by the Park,71,Private room,76 reviews,"Kensington, Brooklyn"
Historic Bed-Stuy,109,Entire home/apt,19 reviews,"Bedford-Stuyvesant, Brooklyn"
Spacious Clinton Hill Apartment,133,Entire home/apt,23 reviews,"Clinton Hill, Brooklyn"
Charming room in Victorian home,96,Private room,50 reviews,"Bedford-Stuyvesant, Brooklyn"
Greenpoint oasis in the sky,224,Entire home/apt,2 reviews,Brooklyn
3 Bedroom Entire Williamsburg Loft,363,Entire home/apt,24 reviews,"Williamsburg, Brooklyn"
Room On Bedford/ Heart Williamsburg,120,Private room,13 reviews,"Williamsburg, Brooklyn"
A Spacious Room in A Brooklyn House,91,Private room,8 reviews,Brooklyn
Penthouse Apt in Williamsburg,133,Private room,3 reviews,"Williamsburg, Brooklyn"
Spacious Studio with Parking,96,Entire home/apt,60 reviews,"Bushwick, Brooklyn"
Nice Bedroom in Williamsburg Loft,115,Private room,5 reviews,Brooklyn
Artist Loft - King Bed w/Chandelier,82,Private room,9 reviews,"Brooklyn Navy Yard, Brooklyn"
Private Room in Modern Condo w/View,139,Private room,22 reviews,"Bedford-Stuyvesant, Brooklyn"
Studio in Downtown Brooklyn,169,Entire home/apt,15 reviews,"Downtown Brooklyn, Brooklyn"
Cozy Private Bedroom in Greenpoint,97,Private room,36 reviews,"Greenpoint, Brooklyn"
Vegetarian Artists Zen Happy Co-Op,91,Private room,0 reviews,"Williamsburg, Brooklyn"
Williamsburg - Steps from Bedford L,121,Private room,24 reviews,"Williamsburg, Brooklyn"
Lovely Bklyn Duplex w/ Courtyard,302,Entire home/apt,42 reviews,"Boerum Hill, Brooklyn"
Loft in the heart of Williamsburg,200,Entire home/apt,6 reviews,"Williamsburg, Brooklyn"
Best location in Brooklyn!,133,Private room,20 reviews,"Park Slope, Brooklyn"
Private Room in Williamsburg,121,Private room,4 reviews,Brooklyn
"Big, Sunny, Modern Apartment w/VIEW",241,Entire home/apt,36 reviews,"Williamsburg, Brooklyn"
Comfy 1BD  in amazing location!,97,Private room,13 reviews,Brooklyn
Williamsburg off Bedford L - 2,144,Private room,0 reviews,"Williamsburg, Brooklyn"
Williamsburg off Bedford L - 2,144,Private room,0 reviews,"Williamsburg, Brooklyn"
Mayor's Mansion - Carlton Suite,145,Private room,45 reviews,"Fort Greene, Brooklyn"
COMFY ROOM #1 ~ AMAZING LOCATION!,144,Private room,52 reviews,"Williamsburg, Brooklyn"
Stylish living in Williamsburg,91,Private room,19 reviews,"Williamsburg, Brooklyn"
Williamsburg/Greenpoint Bklyn 1BR,175,Entire home/apt,7 reviews,"Greenpoint, Brooklyn"
"Big sunny room, prime location!",108,Private room,11 reviews,"Williamsburg, Brooklyn"
Quirky Duplex - Historic Park Slope,109,Private room,35 reviews,"Park Slope, Brooklyn"
Stay in Cozy Clinton Hill,109,Private room,6 reviews,Brooklyn
Mid-Century Modern Garden Paradise,156,Entire home/apt,18 reviews,Brooklyn
Adorable studio in Park Slope!,194,Entire home/apt,7 reviews,"Park Slope, Brooklyn"
Beautiful & Spacious 1.5BR Apt,133,Entire home/apt,34 reviews,"Crown Heights, Brooklyn"
Loft Studio with Private Bathroom,97,Private room,73 reviews,"Bedford-Stuyvesant, Brooklyn"
Sun-filled Brooklyn Brownstone,85,Private room,1 review,"Carroll Gardens, Brooklyn"
Comfy 2 bd - 15min from Manhattan,71,Private room,2 reviews,Brooklyn
Sunny Private Williamsburg room,121,Private room,8 reviews,"Williamsburg, Brooklyn"
Private Room in Williamsburg Loft M,120,Private room,8 reviews,"Williamsburg, Brooklyn"
Charming Brooklyn Garden House,333,Entire home/apt,22 reviews,"Park Slope, Brooklyn"
2 Bedroom Bushwick Apartment,168,Entire home/apt,31 reviews,"Bushwick, Brooklyn"
"Lovely, Modern, Garden Apartment",224,Entire home/apt,7 reviews,"Gowanus, Brooklyn"
Amazing Apt! Private Rooftop Space!,272,Entire home/apt,46 reviews,"Williamsburg, Brooklyn"
"Tasteful, calm, central 2BR/2Baths",296,Entire home/apt,4 reviews,"Williamsburg, Brooklyn"
Vibrant Artist's Guest Studio Apt.,157,Entire home/apt,20 reviews,"Greenpoint, Brooklyn"
Sun Drenched Apt in Clinton Hill,139,Entire home/apt,9 reviews,"Clinton Hill, Brooklyn"
NYC Special Occasions Room #1,35,Private room,68 reviews,"Bedford-Stuyvesant, Brooklyn"
Bright Private Room with Futon,109,Private room,7 reviews,Brooklyn
Lovely Guestroom in Brownstone,79,Private room,7 reviews,"Crown Heights, Brooklyn"
Luxury Lofted Williamsburg 3bd,417,Entire home/apt,55 reviews,"Williamsburg, Brooklyn"
"PRIVATE BED, BATH, AND GARDEN!",73,Private room,49 reviews,"Bushwick, Brooklyn"
room w/ private bath - Bushwick,108,Private room,25 reviews,"Bushwick, Brooklyn"
Fabulous Industrial Dumbo Loft,151,Private room,30 reviews,"DUMBO, Brooklyn"
Newly renovated 2 Bedrooms 2 Bath,194,Entire home/apt,1 review,Brooklyn
Private Bedroom in Wooden House,109,Private room,104 reviews,"Williamsburg, Brooklyn"
Seven Days Sleep Near Prospect Park,121,Entire home/apt,19 reviews,"Lefferts Garden, Brooklyn"
Large 1.5 bedroom 1 block to subway,151,Entire home/apt,22 reviews,"Clinton Hill, Brooklyn"
New & Private Luxury Bedroom nr All,63,Private room,1 review,Brooklyn
lrg bedrm historic home 1blk PRATT,143,Private room,10 reviews,"Clinton Hill, Brooklyn"
Renovated 1BD Near Promenade & Park,230,Entire home/apt,6 reviews,Brooklyn
furnished bedroom available,54,Private room,12 reviews,"Sunset Park, Brooklyn"
Bedroom in a spacious artsy Loft  C,54,Private room,3 reviews,"Williamsburg, Brooklyn"
2BR/1BA w/ garden! in Williamsburg,181,Entire home/apt,65 reviews,"Greenpoint, Brooklyn"
Sunny Room in Bushwick,151,Private room,14 reviews,"Williamsburg, Brooklyn"
Park Slope Brooklyn 3 plus bed apt,236,Entire home/apt,23 reviews,"Park Slope, Brooklyn"
Vintage Gem with Modern Amenities,363,Entire home/apt,14 reviews,"Clinton Hill, Brooklyn"
Bohemian Paradise in Industrial BK,120,Private room,48 reviews,"Bushwick, Brooklyn"
Modern 1BR  in Trendy Williamsburg,169,Entire home/apt,11 reviews,"Williamsburg, Brooklyn"
BUDGET ROOM ~ BEST LOCATION!! #1,108,Private room,74 reviews,"Williamsburg, Brooklyn"
Brooklyn Posh Pad w Private Balcony,194,Entire home/apt,17 reviews,"Williamsburg, Brooklyn"
Cozy S. Williamsburg 1 Bed w/ Bike,224,Entire home/apt,18 reviews,"Williamsburg, Brooklyn"
1bdr w private bath. in lofty apt,152,Private room,17 reviews,"Fort Greene, Brooklyn"
Park Slope 4b Next To Prospect Park,484,Entire home/apt,10 reviews,"Park Slope, Brooklyn"
Beautiful Williamsburg Condo,200,Private room,9 reviews,"Williamsburg, Brooklyn"
Room 4 subway stops from Manhattan,97,Private room,41 reviews,"Lefferts Garden, Brooklyn"
Chic 1 Bedroom - Prospect Park,175,Entire home/apt,22 reviews,"Windsor Terrace, Brooklyn"
Nyc! Cozy room in Williamsburg,96,Private room,7 reviews,Brooklyn
Sunny Room in the heart of W'burg,79,Private room,23 reviews,"Williamsburg, Brooklyn"
"Huge factory loft, prime location",278,Entire home/apt,36 reviews,"Williamsburg, Brooklyn"
"Williamsburg room, private entrance",151,Private room,34 reviews,"Williamsburg, Brooklyn"
Williamsburg - Steps from Bedford L,121,Private room,24 reviews,"Williamsburg, Brooklyn"
Cool & Cozy Apt in Great Neighborhd,167,Entire home/apt,106 reviews,"Flatbush, Brooklyn"
Room next to the Brooklyn Museum,60,Private room,2 reviews,Brooklyn
Loft Share off Bedford in Brooklyn!,87,Private room,4 reviews,Brooklyn
Sunny duplex in trendy Brooklyn,133,Private room,4 reviews,"Crown Heights, Brooklyn"
Great Williamsburg Apt with Balcony,83,Private room,5 reviews,Brooklyn
Classic Park Slope brownstone,204,Private room,15 reviews,Brooklyn
Luxury Loft in Prospect Heights,157,Private room,25 reviews,"Prospect Heights, Brooklyn"
Brooklyn Studio On The Water,181,Entire home/apt,18 reviews,"Columbia Street Waterfront, Brooklyn"
NYC artists’ loft with roof deck,60,Private room,54 reviews,"Greenpoint, Brooklyn"
"HUGE 1b Sunny Apt; Convenient, Park",115,Entire home/apt,0 reviews,"Lefferts Garden, Brooklyn"
Fort Greene Full Apt Mansion Row,180,Entire home/apt,18 reviews,"Fort Greene, Brooklyn"
3 Bedroom Entire Williamsburg Loft,363,Entire home/apt,24 reviews,"Williamsburg, Brooklyn"
Open Design Williamsburg Loft,338,Entire home/apt,43 reviews,"Williamsburg, Brooklyn"
"Warm, light-filled home in Brooklyn",163,Entire home/apt,7 reviews,"Clinton Hill, Brooklyn"
Top Floor 2bd Luxury Brownstone Apt,260,Entire home/apt,68 reviews,"Fort Greene, Brooklyn"
Modern Williamsburg Apt near Metro,120,Private room,22 reviews,"Williamsburg, Brooklyn"
Stunning Greenpoint Penthouse,121,Private room,12 reviews,"Greenpoint, Brooklyn"
Master Bed Bushwick Vacation NYC,82,Private room,28 reviews,"Bushwick, Brooklyn"
Bright trendy Williamsburg 1BR,194,Entire home/apt,13 reviews,"Williamsburg, Brooklyn"
Whimsy Williamsburg 1BR Apartment,181,Entire home/apt,19 reviews,"Williamsburg, Brooklyn"
2BDR Apt with Stunning Roof Terrace,144,Entire home/apt,5 reviews,"Greenwood Heights, Brooklyn"
Super-Fun-TreeHouse-Loft! (Room2),109,Private room,4 reviews,Brooklyn
Garden Suite in Fort Greene,133,Entire home/apt,73 reviews,"Fort Greene, Brooklyn"
Williamsburg room(s) backyard!,79,Private room,27 reviews,"Williamsburg, Brooklyn"
One Bdrm in Trendy Prospect Hts,144,Entire home/apt,31 reviews,"Prospect Heights, Brooklyn"
Carroll Gardens Carriage House,109,Private room,27 reviews,"Gowanus, Brooklyn"
3 bedroom triplex,302,Entire home/apt,20 reviews,"Windsor Terrace, Brooklyn"
NEW MODERN LOFT 3 ON BEDFORD AVE!!!,121,Private room,28 reviews,"Williamsburg, Brooklyn"
Two comfy rooms in Park Slope,156,Private room,18 reviews,"Park Slope, Brooklyn"
NYC getaway in Park Slope Brooklyn!,103,Private room,25 reviews,"Park Slope, Brooklyn"
Spacious Guest Room in Brownstone,91,Private room,5 reviews,"Crown Heights, Brooklyn"
Private Room in WBerg Flat 4C,109,Private room,15 reviews,"Williamsburg, Brooklyn"
Lovely apartment with backyard,212,Entire home/apt,1 review,"Williamsburg, Brooklyn"
Williamsburg 1 bedroom Apartment,194,Entire home/apt,48 reviews,"Williamsburg, Brooklyn"
Private Room A in Lux Loft (3B),121,Private room,12 reviews,Brooklyn
Large apartment w/ Parking,108,Entire home/apt,32 reviews,"Bushwick, Brooklyn"
Large 1 Bedroom in Brooklyn Heights,302,Entire home/apt,2 reviews,Brooklyn
Rooftop Apt in Prospect Heights,181,Entire home/apt,2 reviews,Brooklyn
A & S Bushwick - One BR Apt.,121,Entire home/apt,18 reviews,Brooklyn
Cama Queen e casa aconchegante.,54,Private room,4 reviews,Brooklyn
Carroll Gardens Gem  -new 2 BR apt,363,Entire home/apt,21 reviews,"Carroll Gardens, Brooklyn"
Large Sunny 1BR - Entire 2nd Floor,168,Entire home/apt,57 reviews,"Greenpoint, Brooklyn"
1 Bedroom in Williamsburg Apartment,109,Private room,0 reviews,"Williamsburg, Brooklyn"
Large Bedroom with Washer/dryer,92,Private room,1 review,Brooklyn
"Bright, private Williamsburg room",80,Private room,5 reviews,Brooklyn
Sunny Room in Amazing Location,67,Private room,4 reviews,Brooklyn
Gorgeous Modern Williamsburg Loft,242,Entire home/apt,23 reviews,"Williamsburg, Brooklyn"
Boldera: Your Home Away From Home,168,Entire home/apt,43 reviews,"Bedford-Stuyvesant, Brooklyn"
Williamsburg/Greenpoint Bedroom,109,Private room,8 reviews,"Greenpoint, Brooklyn"
Cozy Private Room on a Lovely Block,73,Private room,9 reviews,"Crown Heights, Brooklyn"
"Bright, Sunny Studio in Bay Ridge",85,Entire home/apt,4 reviews,Brooklyn
Room in beautiful apartment!,91,Private room,9 reviews,"Clinton Hill, Brooklyn"
Adorable studio in Park Slope!,194,Entire home/apt,7 reviews,"Park Slope, Brooklyn"
prvt room in lrg 2BR near barclays,120,Private room,2 reviews,Brooklyn
Chic 1 Bedroom - Prospect Park,175,Entire home/apt,22 reviews,"Windsor Terrace, Brooklyn"
Loft in the heart of Williamsburg,200,Entire home/apt,6 reviews,"Williamsburg, Brooklyn"
Sun-filled Brooklyn Brownstone,85,Private room,1 review,"Carroll Gardens, Brooklyn"
Sunny Williamsburg Bridge Apartment,236,Entire home/apt,10 reviews,"Williamsburg, Brooklyn"
Chic/Modern/Spacious Entire 1BR apt,144,Entire home/apt,12 reviews,"Crown Heights, Brooklyn"
Stay with us in hip Bed-Stuy,79,Private room,10 reviews,"Bedford-Stuyvesant, Brooklyn"
Private Fl in my duplex 2bds w/bath,121,Private room,23 reviews,"Bedford-Stuyvesant, Brooklyn"
E Williamsburg Artist Retreat;White,79,Private room,51 reviews,"Bushwick, New York"
Inspiring spacious loft space,145,Private room,5 reviews,"Williamsburg, Brooklyn"
Heart of Williamsburg,83,Private room,3 reviews,"Williamsburg, Brooklyn"
furnished bedroom available,54,Private room,12 reviews,"Sunset Park, Brooklyn"
Modern Apartment with King Bed!,83,Private room,25 reviews,"Bushwick, Brooklyn"
Beautiful Light Filled Apartment!,145,Entire home/apt,41 reviews,"Bedford-Stuyvesant, Brooklyn"
Charming 2BR Williamsburg Apt,242,Entire home/apt,5 reviews,"Williamsburg, Brooklyn"
Huge Luxury Bedroom in Williamsburg,121,Private room,16 reviews,"Williamsburg, Brooklyn"
Comfortable Room Historic Mansion,109,Private room,35 reviews,"Bedford-Stuyvesant, Brooklyn"
Beautiful 2 Bedroom Apartment,224,Entire home/apt,27 reviews,"Bedford-Stuyvesant, Brooklyn"
POST CARD VIEWS of Park and Skyline,196,Entire home/apt,48 reviews,"Williamsburg, Brooklyn"
Classic Williamsburg loft bedroom,60,Private room,3 reviews,Brooklyn
Sunny Beautiful Sublet All Yours!!!,175,Entire home/apt,183 reviews,"Park Slope, Brooklyn"
"New, spacious 2BD in Williamsburg",181,Entire home/apt,9 reviews,"Williamsburg, Brooklyn"
Quiet Pre-War in Brooklyn Heights,120,Private room,19 reviews,Brooklyn
nice room in bedstuy 12,67,Private room,17 reviews,"Bedford-Stuyvesant, Brooklyn"
"Best Location, Spacious and Sunny!",105,Private room,11 reviews,"Williamsburg, Brooklyn"
Large 1BR right by Prospect Park,115,Entire home/apt,2 reviews,"Windsor Terrace, Brooklyn"
Brooklyn Artist Loft,71,Private room,11 reviews,Brooklyn
Quiet private room in Gorgeous Apt,79,Private room,46 reviews,"Bushwick, Brooklyn"
Quiet classic charmer in the trees,230,Entire home/apt,11 reviews,"Park Slope, Brooklyn"
Sunny 2BD with Library in Brooklyn,120,Entire home/apt,0 reviews,Brooklyn
Kate's Place,54,Private room,20 reviews,"Crown Heights, Brooklyn"
My living room for female guests,47,Shared room,3 reviews,"Bay Ridge, Brooklyn"
Great Large 1 Bedroom Apartment,117,Entire home/apt,11 reviews,"Crown Heights, Brooklyn"
Antique Brooklyn Loft Amazing View,93,Private room,16 reviews,"Williamsburg, Brooklyn"
NYC getaway in Park Slope Brooklyn!,103,Private room,25 reviews,"Park Slope, Brooklyn"
Lively loft II!,83,Private room,22 reviews,"Williamsburg, Brooklyn"
"COZY PRIVATE ROOM, CROWN HEIGHTS",91,Private room,46 reviews,"Crown Heights, Brooklyn"
"Bright, Airy Studio Apt",145,Entire home/apt,34 reviews,"Bedford-Stuyvesant, Brooklyn"
Quiet Pre-War in Brooklyn Heights,120,Private room,19 reviews,Brooklyn
Sunny Private Williamsburg Apt,242,Entire home/apt,15 reviews,Brooklyn
Large Room in Beautiful Apartment,105,Private room,22 reviews,"Greenpoint, Brooklyn"
Ideal Brooklyn Brownstone Apartment,200,Entire home/apt,59 reviews,"Bedford-Stuyvesant, Brooklyn"
Beautiful Spacious Accomodations!,79,Private room,94 reviews,"Flatbush, Brooklyn"
Cozy Room in Full Apartment,103,Private room,0 reviews,Brooklyn
Cozy Room on Prospect Park!,60,Private room,48 reviews,"Flatbush, Brooklyn"
Perfect NYC/Williamsburg Location,132,Private room,53 reviews,"Williamsburg, Brooklyn"
Historic Bed-Stuy,109,Entire home/apt,19 reviews,"Bedford-Stuyvesant, Brooklyn"
Brooklyn Posh Pad w Private Balcony,194,Entire home/apt,17 reviews,"Williamsburg, Brooklyn"
Spacious Studio 3 - Fort Greene,97,Private room,46 reviews,"Boerum Hill, Brooklyn"
"Warm and cozy, 20 min to Manhattan!",120,Private room,4 reviews,Brooklyn
Comfy 1BD  in amazing location!,97,Private room,13 reviews,Brooklyn
"Warm and cozy, 20 min to Manhattan!",120,Private room,4 reviews,Brooklyn
Comfy 1BD  in amazing location!,97,Private room,13 reviews,Brooklyn
Luxury Garden Brownstone Apartment,156,Entire home/apt,12 reviews,"Bedford-Stuyvesant, Brooklyn"
SUNNY BIG ROOM IN STYLISH APT,103,Private room,12 reviews,"Bedford-Stuyvesant, New York"
Private Rm in Cozy Williamsburg Apt,109,Private room,4 reviews,"Williamsburg, Brooklyn"
Large 1BR right by Prospect Park,115,Entire home/apt,2 reviews,"Windsor Terrace, Brooklyn"
Sunny and Private Apt,67,Entire home/apt,0 reviews,"Bedford-Stuyvesant, brooklyn"
Artist's Room - Sunny Artsy Loft,88,Private room,52 reviews,"Williamsburg, Brooklyn"
Charming Private Room with a View,131,Private room,19 reviews,"Williamsburg, Brooklyn"
"Comfy, Private Bedroom in Brooklyn",79,Private room,32 reviews,"East Flatbush, Brooklyn"
STUDIO DOWNTOWN BK LUXURY BUILDING,169,Entire home/apt,3 reviews,"Downtown Brooklyn, New York"
Master Bed Bushwick Vacation NYC,82,Private room,28 reviews,"Bushwick, Brooklyn"
HUGE SUNNY ROOM 1 PRIME WILLYBURG!!,121,Private room,8 reviews,Brooklyn
Beautiful apartment w/ large garden,272,Entire home/apt,2 reviews,"Cobble Hill, Brooklyn"
Gorgeous house Room 2 BEST location,111,Private room,82 reviews,"Park Slope, Brooklyn"
Private 1BR @ Spacious Sunny Duplex,65,Private room,7 reviews,Brooklyn
Private room in artsy apt,85,Private room,21 reviews,"Clinton Hill, Brooklyn"
Nice studio apartment in Brooklyn!,85,Entire home/apt,7 reviews,"Crown Heights, Brooklyn"
Penthouse 2000 sqft Duplex Downtown,605,Entire home/apt,3 reviews,Brooklyn
Private bedroom in awesome loft apt,119,Private room,13 reviews,"Williamsburg, Brooklyn"
Beautiful BUSHWICK apt. ❤️,139,Entire home/apt,10 reviews,"Bushwick, Brooklyn"
Red Hook Classic Townhouse w Garden,188,Entire home/apt,20 reviews,"Red Hook, Brooklyn"
Sunny Williamsburg Bridge Apartment,236,Entire home/apt,10 reviews,"Williamsburg, Brooklyn"
Sunny Loft 15 min. to Union Square,103,Private room,97 reviews,"Williamsburg, Brooklyn"
Cute Room In our Williamsburg Share,96,Private room,115 reviews,"Williamsburg, Brooklyn"
Spacious 1BR in Prime Fort Greene,242,Entire home/apt,7 reviews,"Fort Greene, Brooklyn"
"Charming, sunny petfriendly 2 br",121,Entire home/apt,32 reviews,"Bushwick, Brooklyn"
LOFTY Brooklyn 2BR - 10 mins to NYC,212,Entire home/apt,28 reviews,"Carroll Gardens, Brooklyn"
Prospect Heights Views & Vanderbilt,236,Entire home/apt,13 reviews,"Prospect Heights, Brooklyn"
Clean & Convenient in Brooklyn,91,Private room,8 reviews,Brooklyn
Nice Apt in HEART of Williamsburg!,163,Entire home/apt,24 reviews,"Williamsburg, Brooklyn"
Charming room in Williamsburg home,67,Private room,0 reviews,Brooklyn
Brooklyn modern 2 BR Garden Floor,224,Entire home/apt,3 reviews,Brooklyn
Spacious 1 Bedroom in Clinton Hill,175,Entire home/apt,5 reviews,"Clinton Hill, Brooklyn"
Classic Williamsburg artist loft,60,Private room,3 reviews,Brooklyn
"Charmin & clean room,5 train lines",79,Private room,1 review,Brooklyn
Bright and Energized Apt.,200,Entire home/apt,18 reviews,"Greenpoint, Brooklyn"
"Country chic bedroom, Williamsburg",121,Private room,14 reviews,"Williamsburg, Brooklyn"
Room in Bushwick/E Williamsburg,85,Private room,5 reviews,Brooklyn
YOGA 1,34,Shared room,5 reviews,Brooklyn
Comfy room and Amazing View,73,Private room,9 reviews,Brooklyn
Comforts in Bushwick Brooklyn,85,Private room,41 reviews,"Bushwick, Brooklyn"
Room in Brooklyn (Williamsburg)!,73,Private room,1 review,"Williamsburg, Brooklyn"
25 Minutes to Manhattan!!Private2BR,103,Entire home/apt,8 reviews,Brooklyn
Sunfilled Skylit Townhouse 3BD,224,Entire home/apt,65 reviews,"Clinton Hill, Brooklyn"
Small Bedroom in a large brownstone,109,Private room,24 reviews,"Prospect Heights, Brooklyn"
Adorable sunny 1 BR in Williamsburg,194,Entire home/apt,9 reviews,"Williamsburg, Brooklyn"
1b prime N Williamsburg NYC,242,Entire home/apt,4 reviews,"Williamsburg, Brooklyn"
Low Winter rates!/ Arts Loft+Office,108,Private room,88 reviews,"Williamsburg, Brooklyn"
Private room w/ breakfast-5 beds,151,Private room,11 reviews,Brooklyn
Cozy Room in Heart of Williamsburg,109,Private room,4 reviews,Brooklyn
"Minimal,Airy,Authentic Artist Loft",163,Entire home/apt,0 reviews,Brooklyn
Sunny 1br apt in Bay Ridge,79,Entire home/apt,9 reviews,Brooklyn
Palatial Brownstone w Backyard,333,Entire home/apt,12 reviews,"Bedford-Stuyvesant, Brooklyn"
Beautiful room in Park Slope loft,97,Private room,5 reviews,Brooklyn
"Private Entrance, Beautiful Garden",120,Entire home/apt,40 reviews,"Crown Heights, Brooklyn"
Boldera: Your Home Away From Home,168,Entire home/apt,43 reviews,"Bedford-Stuyvesant, Brooklyn"
Artist Loft - King Bed w/Chandelier,82,Private room,9 reviews,"Brooklyn Navy Yard, Brooklyn"
quiet+spacious in Fort Greene,91,Private room,1 review,"Fort Greene, Brooklyn"
BED+FUTON 1 - 15 MINUTES >MANHATTAN,91,Private room,14 reviews,Brooklyn
Amazing Apt! Private Rooftop Space!,272,Entire home/apt,46 reviews,"Williamsburg, Brooklyn"
Comfortable Room available,59,Private room,6 reviews,Brooklyn
Prospect Heights Beauty 1BR w/patio,163,Entire home/apt,30 reviews,"Crown Heights, Brooklyn"
Cozy Room in Heart of Williamsburg,109,Private room,4 reviews,Brooklyn
Private Room in Modern Condo w/View,139,Private room,22 reviews,"Bedford-Stuyvesant, Brooklyn"
Spacious Greenpoint loft / 2 floors,181,Entire home/apt,16 reviews,"Greenpoint, Brooklyn"
Charming Williamsburg apartment!,151,Entire home/apt,3 reviews,"Williamsburg, Brooklyn"
Quiet & Quaint Room in Bushwick,127,Private room,7 reviews,"Williamsburg, Brooklyn"
Spacious and convenient bedroom,59,Private room,0 reviews,"Crown Heights, Brooklyn"
The Stanhope: Queen Room,71,Private room,12 reviews,"Bushwick, Brooklyn"
Fabulous Family Getaway,218,Entire home/apt,8 reviews,Brooklyn
Private Room in Victorian House,91,Private room,19 reviews,"Flatbush, Brooklyn"
Private Room in Victorian House,91,Private room,19 reviews,"Flatbush, Brooklyn"
The Stanhope: Twin Room,59,Private room,31 reviews,"Bushwick, Brooklyn"
"Sunny, Large, Park Slope Bedroom",127,Private room,78 reviews,"Park Slope, Brooklyn"
A Cozy Brooklyn Garden Apartment,139,Private room,122 reviews,"Park Slope, Brooklyn"
1 BR Beautiful Central Williamsburg,145,Entire home/apt,0 reviews,Brooklyn
Cozy BR in Wiliamsburg 2 Bedroom,91,Private room,65 reviews,"Williamsburg, Brooklyn"
"Creative Hub! Private, Unique, Fun!",67,Private room,15 reviews,"Bushwick, Brooklyn"
Cozy BK home with HUGE private yard,296,Entire home/apt,4 reviews,Brooklyn
Lovely private studio apartment!,73,Entire home/apt,6 reviews,"Boerum Hill, Brooklyn"
Spacious Loft 5 min to Union Square,157,Private room,72 reviews,"Williamsburg, Brooklyn"
"Great studio, Fort Greene, Brooklyn",163,Entire home/apt,7 reviews,"Fort Greene, Brooklyn"
Peaceful Sanctuary in Trendy Hood,145,Entire home/apt,11 reviews,"Crown Heights, Brooklyn"
Designer's apartment in Vinegar Hil,145,Private room,17 reviews,"Vinegar Hill, Brooklyn"
Lovely Guestroom in Brownstone,79,Private room,7 reviews,"Crown Heights, Brooklyn"
IDEALLY LOCATED - WHOLE APARTMENT,157,Entire home/apt,40 reviews,"Boerum Hill, Brooklyn"
Private room25 min from time square,42,Private room,2 reviews,Brooklyn
Private Room in WBerg Flat 4C,109,Private room,15 reviews,"Williamsburg, Brooklyn"
Fully Furnished Brooklyn Apartment,103,Entire home/apt,0 reviews,Brooklyn
A Luxury room in new WBerg Loft,121,Private room,12 reviews,Brooklyn
Sunny Williamsburg Penthouse - 2BR,278,Entire home/apt,3 reviews,"Williamsburg, Brooklyn"
Modern Minimalist Williamsburg Loft,229,Entire home/apt,80 reviews,"Greenpoint, Brooklyn"
Antique Brooklyn Loft Amazing View,93,Private room,16 reviews,"Williamsburg, Brooklyn"
"Beautiful, Modern 2BR, Park Slope",175,Entire home/apt,16 reviews,"Park Slope, Brooklyn"
Super-Modern Penthouse Studio,254,Entire home/apt,11 reviews,"Downtown Brooklyn, Brooklyn"
BUDGET ROOM ~ BEST LOCATION!! #2,108,Private room,67 reviews,"Williamsburg, Brooklyn"
Fabulous Family Getaway,218,Entire home/apt,8 reviews,Brooklyn
1 Bedroom Apartment in Williamsburg,253,Entire home/apt,3 reviews,Brooklyn
Perfect for Women! GREAT LOCATION!,57,Private room,61 reviews,"Bedford-Stuyvesant, Brooklyn"
"Warm and cozy, 20 min to Manhattan!",120,Private room,4 reviews,Brooklyn
Williamsburg Artist Loft,212,Entire home/apt,20 reviews,"Williamsburg, Brooklyn"
"Backyard, 3 minutes to Subway!",42,Shared room,24 reviews,"Bedford-Stuyvesant, Brooklyn"
D Private Room Luxury Duplex Loft,121,Private room,3 reviews,Brooklyn
Mayor's Mansion - Garden Suite,151,Private room,46 reviews,"Fort Greene, Brooklyn"
Fabulous Bklyn private bedbathsuite,120,Private room,202 reviews,"Clinton Hill, Brooklyn"
Sweet 1BR + Balcony (Sleeps 4),120,Entire home/apt,26 reviews,"Bedford-Stuyvesant, Brooklyn"
Sunny Private Room in Williamsburg!,60,Private room,17 reviews,"Williamsburg, Brooklyn"
Park Slope 1bdr - lively convenient,145,Entire home/apt,3 reviews,"Park Slope, Brooklyn"
Luxury apt. 2 mins from Manhattan,241,Entire home/apt,30 reviews,"Downtown Brooklyn, New York"
Bargain Room #4 - Special Low Price,71,Private room,2 reviews,Brooklyn
1 BR Beautiful Central Williamsburg,145,Entire home/apt,0 reviews,Brooklyn
Attractive & Spacious Apartment,85,Private room,10 reviews,"Greenwood Heights, Brooklyn"
Elegant LG ParkSlope 2bd Brownstone,272,Entire home/apt,12 reviews,"Park Slope, Brooklyn"
Private Suite for Cheap,91,Private room,7 reviews,"Bedford-Stuyvesant, Brooklyn"
Entire Apt in Central Williamsburg,206,Entire home/apt,14 reviews,"Williamsburg, Brooklyn"
BIG ROOM 2- 15 MINUTES TO MANHATTAN,91,Private room,15 reviews,Brooklyn
"Williamsburg room, private entrance",151,Private room,34 reviews,"Williamsburg, Brooklyn"
Light filled Boerum Hill Townhouse,302,Entire home/apt,5 reviews,Brooklyn
"Comfy, Private Bedroom in Brooklyn",79,Private room,32 reviews,"East Flatbush, Brooklyn"
Luxury Rental In Downtown Brooklyn,236,Entire home/apt,28 reviews,"Downtown Brooklyn, Brooklyn"
Private room with sleeping loft,54,Private room,14 reviews,"Williamsburg, Brooklyn"
"New Apt., SHARED room, FREE Brkfst",60,Shared room,6 reviews,Brooklyn
Little  piece of heaven,181,Entire home/apt,0 reviews,Brooklyn
"Cute sunny room in hip, safe area!",48,Private room,2 reviews,Brooklyn
YOGA 3,34,Shared room,1 review,Brooklyn
YOGA 3,34,Shared room,1 review,Brooklyn
Spacious Williamsburg Studio Loft,121,Entire home/apt,9 reviews,Brooklyn
Modern 1 Bdr in Williamsburg,212,Entire home/apt,8 reviews,"Williamsburg, Brooklyn"
Cozy BR in Wiliamsburg 2 Bedroom,91,Private room,65 reviews,"Williamsburg, Brooklyn"
PRIVATE ROOM FOR CHRISTMAS IN NY!!!,103,Private room,29 reviews,"Bushwick, Brooklyn"
Private Fl in my duplex 2bds w/bath,121,Private room,23 reviews,"Bedford-Stuyvesant, Brooklyn"
Big room. Big apt. Best corner.,133,Private room,21 reviews,"Williamsburg, Brooklyn"
"Beautiful, Lux apt in Williamsburg",230,Entire home/apt,13 reviews,"Williamsburg, Brooklyn"
Spacious Studio 3 - Fort Greene,97,Private room,46 reviews,"Boerum Hill, Brooklyn"
The authentic Brooklyn experience!,108,Shared room,0 reviews,Brooklyn
"1899 BK Mansion, 15min to Manhattan",79,Private room,2 reviews,Brooklyn
Private Room in Classic Loft,91,Private room,80 reviews,"Greenpoint, Brooklyn"
COMFY ROOM #2 ~ AMAZING LOCATION!,156,Private room,57 reviews,"Williamsburg, Brooklyn"
B Luxury Private Room Duplex Loft,121,Private room,3 reviews,Brooklyn
"Cozy 1BR apart. in Prospect Hts, BK",151,Entire home/apt,5 reviews,"Prospect Heights, Brooklyn"
Location! 1b apt 10min to Manhattan,180,Entire home/apt,59 reviews,"Fort Greene, Brooklyn"
Lovely Studio Loft,85,Entire home/apt,16 reviews,"Gowanus, Brooklyn"
Beautiful modern 2 bdrm apt W/loft,289,Entire home/apt,14 reviews,"Greenpoint, Brooklyn"
Low Winter rates!/ W'burg Blue Room,108,Private room,98 reviews,"Williamsburg, Brooklyn"
Bedroom in a spacious artsy Loft B,60,Private room,12 reviews,"Williamsburg, Brooklyn"
Sunny Room in Amazing Location,67,Private room,4 reviews,Brooklyn
Two comfy rooms in Park Slope,156,Private room,18 reviews,"Park Slope, Brooklyn"
nice room in bedstuy 12,67,Private room,17 reviews,"Bedford-Stuyvesant, Brooklyn"
Private Garden Apt on Eastern Pkwy,121,Entire home/apt,3 reviews,"Crown Heights, Brooklyn"
Writer's Room - Sunny Artsy Loft,81,Private room,41 reviews,"Williamsburg, Brooklyn"
Simple clean living.,73,Private room,0 reviews,"Bedford-Stuyvesant, Brooklyn"
CHEAP room in BEAUTIFUL LOFT! NYC,96,Private room,60 reviews,"Williamsburg, Brooklyn"
Elegant Stuyvesant Heights Retreat,127,Entire home/apt,64 reviews,"Bedford-Stuyvesant, Brooklyn"
Modern Brooklyn Penthouse,188,Entire home/apt,1 review,"Prospect Heights, Brooklyn"
Private bedroom in awesome loft apt,119,Private room,13 reviews,"Williamsburg, Brooklyn"
Cozy one bedroom on Bedford Ave,150,Entire home/apt,11 reviews,"Williamsburg, Brooklyn"
NEW MODERN LOFT 3 ON BEDFORD AVE!!!,121,Private room,28 reviews,"Williamsburg, Brooklyn"
Sunny 1BR with patio near park,224,Entire home/apt,24 reviews,"Greenpoint, Brooklyn"
NYC Big Group stay 1000/USD 30ppl,1028,Entire home/apt,24 reviews,"Bedford-Stuyvesant, Brooklyn"
1 BD in Historic Brooklyn Heights,109,Private room,7 reviews,Brooklyn
Spacious Sunny in Great Location,175,Entire home/apt,5 reviews,"Park Slope, Brooklyn"
Charming Spacious 1 Bdrm Apt,142,Entire home/apt,10 reviews,"Crown Heights, Brooklyn"
Sunny/Cozy 1BD,108,Entire home/apt,16 reviews,Brooklyn
"Private, Full Room, Very Quiet!",97,Private room,123 reviews,"Williamsburg, Brooklyn"
Luxury 2 bedroom with park view,302,Entire home/apt,1 review,"Williamsburg, Brooklyn"
"Breakfast Patio , Roof & BK Bridge!",97,Private room,7 reviews,"Downtown Brooklyn, Brooklyn"
"Classic Brownstone Beauty, Sleeps 4",240,Entire home/apt,43 reviews,"Crown Heights, Brooklyn"
Charming Williamsburg apartment!,151,Entire home/apt,3 reviews,"Williamsburg, Brooklyn"
Spacious 2 BR apartment in Bed-Stuy,151,Entire home/apt,4 reviews,Brooklyn
Pristine Central Park Slope 2br,145,Entire home/apt,2 reviews,"Park Slope, Brooklyn"
Home Sweet Home 2!!!!,109,Private room,33 reviews,"Williamsburg, Brooklyn"
Comfy bed in friendly Homestel #A,40,Shared room,24 reviews,"Clinton Hill, Brooklyn"
Historic Fort Greene & Clinton Hill,192,Entire home/apt,28 reviews,"Fort Greene, Brooklyn"
New studio APT with marble floors!,82,Entire home/apt,51 reviews,"Bushwick, Brooklyn"
Luxury Private Bed nr C/3 Subways,68,Private room,4 reviews,Brooklyn
Artist Garden Apartment Greenpoint,169,Entire home/apt,37 reviews,"Greenpoint, Brooklyn"
WONDERFUL DUPLEX PENTHOUSE,242,Entire home/apt,0 reviews,"Williamsburg, Brooklyn"
Private Room in Hip Williamsburg,133,Private room,8 reviews,"Williamsburg, Brooklyn"
Two Spacious room's in Brooklyn!!,181,Private room,5 reviews,Brooklyn
